Location,Rooms,Area,Bathrooms,Type,Furnished,Rent
F-7,3,1679,3,Full House,Yes,103002
G-6,3,2408,1,Portion,No,86416
G-13,6,2440,4,Apartment,Yes,123401
F-11,3,2607,1,Full House,No,110151
I-8,4,1552,4,Portion,No,86203
F-6,4,1229,3,Full House,Yes,112597
F-7,3,2530,2,Full House,Yes,119055
G-15,1,1788,1,Apartment,No,66176
G-10,1,2593,1,Full House,No,94297
H-13,1,2105,1,Full House,Yes,91542
G-6,5,1469,5,Full House,No,117994
I-10,1,2152,1,Apartment,No,65000
G-7,1,2615,1,Portion,Yes,92401
G-13,1,1952,1,Portion,No,61953
H-13,4,770,2,Full House,No,74675
G-10,3,2086,3,Portion,Yes,93431
DHA Phase 2,6,1227,6,Full House,Yes,134435
G-8,5,945,4,Apartment,No,89754
I-8,5,2729,3,Full House,Yes,139633
I-8,4,797,2,Apartment,Yes,75077
G-6,5,2427,3,Portion,Yes,125526
G-7,4,764,2,Apartment,Yes,80969
G-10,2,2576,1,Full House,No,95779
I-8,3,1607,3,Full House,Yes,106930
G-8,4,1686,2,Full House,No,88001
G-7,2,1531,1,Full House,Yes,75154
G-6,3,1916,1,Full House,Yes,105559
H-13,3,1987,3,Full House,No,101773
F-7,4,1064,3,Apartment,No,93095
H-13,1,1827,1,Apartment,Yes,73241
DHA Phase 2,6,1866,5,Portion,Yes,114766
G-11,1,1730,1,Full House,No,75181
G-10,4,1433,4,Apartment,Yes,96389
G-6,1,2092,1,Portion,Yes,77294
F-8,1,1070,1,Portion,Yes,63967
G-11,3,752,1,Apartment,Yes,64258
G-9,4,1790,4,Full House,Yes,105821
G-6,1,1702,1,Full House,No,70350
DHA Phase 2,2,2273,2,Apartment,Yes,83710
I-10,6,2773,4,Portion,Yes,148749
DHA Phase 2,5,2634,3,Portion,No,115620
I-11,5,2323,5,Portion,No,122311
G-11,3,2717,3,Portion,Yes,109036
F-6,3,1173,2,Full House,No,86182
DHA Phase 2,2,2495,2,Portion,No,86345
G-9,3,2608,3,Full House,No,107068
G-11,2,870,2,Full House,No,61318
G-6,1,2470,1,Apartment,No,70358
G-8,5,1555,4,Portion,No,99278
F-10,3,1356,3,Apartment,No,79999
G-8,1,897,1,Portion,No,47261
I-8,6,2223,5,Full House,No,123745
DHA Phase 2,6,892,6,Full House,No,118299
G-13,2,2016,2,Portion,No,85047
H-13,2,1191,1,Apartment,No,57682
G-7,6,2529,4,Portion,Yes,121595
I-11,1,1858,1,Portion,No,61201
F-6,5,2398,3,Full House,Yes,130287
F-11,2,1565,1,Apartment,Yes,84239
G-10,3,949,2,Full House,No,76420
I-8,6,1283,6,Apartment,No,96812
G-11,1,2186,1,Full House,No,77961
G-15,5,1877,3,Full House,No,108470
Bahria Town,6,771,5,Apartment,No,93528
DHA Phase 2,3,1172,2,Portion,No,66024
F-6,4,2769,2,Apartment,Yes,137080
G-11,6,2617,6,Apartment,No,124013
G-9,3,1843,2,Portion,No,78025
F-7,6,2756,6,Apartment,No,139898
F-6,1,1940,1,Portion,No,78569
Bahria Town,4,1913,2,Portion,No,97642
F-10,6,2527,4,Apartment,No,125089
F-6,2,1460,2,Apartment,No,72631
DHA Phase 2,1,2040,1,Apartment,Yes,78505
F-6,4,2379,3,Portion,Yes,129793
I-11,3,2177,1,Portion,Yes,89998
F-8,1,1680,1,Full House,Yes,85548
Bahria Town,2,2466,2,Apartment,Yes,92997
F-11,3,1069,3,Apartment,Yes,81195
I-8,1,2477,1,Portion,Yes,82342
F-11,4,2179,2,Apartment,Yes,107178
F-8,2,1756,2,Apartment,Yes,88624
G-13,4,1323,4,Full House,Yes,112345
G-11,6,2300,6,Portion,No,132080
F-8,5,2543,5,Full House,No,142556
F-10,1,1059,1,Apartment,No,62558
I-11,3,1040,3,Apartment,Yes,78870
Bahria Town,2,1831,2,Apartment,No,70912
I-8,1,1459,1,Full House,No,61422
I-11,5,2743,3,Portion,No,116388
I-8,6,1714,6,Portion,No,126699
F-7,6,1799,4,Full House,Yes,150198
F-8,6,2365,5,Full House,No,154766
F-8,1,2326,1,Full House,No,86952
I-10,2,1528,1,Portion,Yes,74148
G-13,2,2524,1,Full House,No,97394
F-11,3,1373,2,Portion,No,83653
G-10,2,1731,2,Portion,Yes,74128
F-7,4,956,3,Full House,No,89362
G-13,6,2168,6,Portion,Yes,129597
G-7,5,1168,3,Full House,Yes,96611
F-8,5,1466,4,Full House,No,116290
G-8,1,2240,1,Apartment,Yes,81811
I-8,2,786,1,Portion,Yes,61941
G-7,1,991,1,Portion,Yes,51216
G-15,4,2678,4,Full House,Yes,130909
H-13,5,2291,5,Apartment,Yes,118566
DHA Phase 2,1,766,1,Portion,No,42108
Bahria Town,6,1961,5,Full House,Yes,143311
G-7,1,1979,1,Full House,Yes,90023
G-11,3,1372,1,Apartment,Yes,78699
F-11,6,1610,4,Full House,Yes,131960
F-8,4,1973,2,Portion,Yes,121908
I-8,6,2770,4,Full House,Yes,163103
G-8,4,2028,4,Portion,Yes,113215
F-6,4,1500,4,Portion,Yes,111442
H-13,4,2023,2,Apartment,Yes,102953
DHA Phase 2,4,2389,3,Apartment,No,110539
I-10,4,1842,2,Full House,No,106942
I-8,3,2450,1,Full House,No,100170
F-10,1,2536,1,Portion,No,87752
F-11,1,736,1,Apartment,No,55581
F-7,6,2651,4,Full House,Yes,167535
F-10,1,1932,1,Full House,No,94445
I-8,3,1032,1,Apartment,Yes,64529
F-8,3,2396,1,Full House,Yes,109116
DHA Phase 2,2,2557,1,Full House,Yes,113111
G-9,6,2149,5,Full House,Yes,144782
I-11,1,1818,1,Full House,Yes,72509
F-11,1,2218,1,Apartment,No,78244
G-8,1,1078,1,Apartment,No,43369
DHA Phase 2,2,2728,1,Apartment,Yes,105659
G-6,5,864,4,Full House,Yes,111315
G-11,3,1752,1,Apartment,No,70549
H-13,3,1651,2,Full House,Yes,93578
I-11,1,1389,1,Portion,Yes,63248
G-7,2,1405,1,Portion,No,64369
I-11,5,1615,5,Portion,Yes,117711
G-13,2,1261,2,Full House,No,66967
G-10,6,1598,6,Apartment,Yes,122353
F-10,4,1610,3,Full House,No,103661
Bahria Town,3,2289,3,Portion,No,89505
G-13,5,1047,4,Portion,Yes,98485
I-11,3,2620,3,Portion,No,95269
F-11,3,2560,2,Full House,No,116230
G-13,2,1537,2,Apartment,No,62043
I-10,1,1323,1,Portion,Yes,57163
G-6,5,2497,4,Portion,No,111720
G-11,3,2078,1,Portion,No,90748
G-15,6,1095,6,Apartment,Yes,111628
DHA Phase 2,2,1607,1,Full House,No,79424
G-11,3,1955,2,Full House,No,97286
I-11,2,1853,1,Full House,No,74634
G-13,4,2421,2,Apartment,Yes,101518
G-8,6,2229,5,Full House,Yes,129247
F-7,5,1961,3,Full House,No,129375
H-13,3,1214,2,Full House,No,82487
G-13,4,702,3,Portion,Yes,81147
G-9,1,1014,1,Portion,No,47909
F-8,5,1184,3,Full House,No,113162
H-13,3,2526,2,Full House,Yes,120599
F-6,2,1654,1,Portion,Yes,86928
G-15,4,2227,3,Apartment,Yes,114353
I-8,2,1407,2,Apartment,No,63012
G-6,2,2111,2,Full House,Yes,97854
H-13,5,2632,3,Apartment,Yes,122718
G-7,1,824,1,Apartment,Yes,48024
F-11,3,1503,2,Apartment,No,84332
I-10,1,1935,1,Apartment,Yes,68180
I-8,2,1483,1,Portion,No,61625
F-11,2,1838,2,Full House,No,98179
G-15,2,2369,2,Apartment,Yes,94346
F-7,2,2633,1,Portion,No,101378
G-9,4,919,2,Apartment,No,67847
G-8,6,2178,6,Portion,No,127122
I-8,3,2596,3,Full House,Yes,127878
G-8,2,1306,2,Full House,No,69959
I-10,2,1809,1,Apartment,Yes,71440
F-7,1,1695,1,Full House,No,88373
F-8,1,2102,1,Portion,No,76111
I-8,4,1800,4,Full House,No,113793
I-11,3,840,1,Full House,Yes,72550
F-8,5,2104,3,Full House,Yes,144673
G-7,3,2151,2,Apartment,No,83582
G-7,2,1685,2,Apartment,No,64960
G-8,2,2210,1,Portion,Yes,77856
I-11,2,2386,1,Apartment,No,86688
DHA Phase 2,2,1413,1,Apartment,Yes,70389
G-11,3,1404,1,Portion,No,72421
G-9,3,1606,2,Portion,No,73177
Bahria Town,4,2406,2,Full House,No,109125
F-11,1,850,1,Full House,Yes,74038
F-10,3,2781,1,Apartment,No,117701
F-11,4,1311,4,Portion,Yes,113760
DHA Phase 2,3,1669,3,Apartment,No,73830
G-15,6,2678,5,Portion,Yes,136676
I-11,5,990,3,Portion,No,88686
F-7,2,2759,1,Portion,Yes,114439
F-11,1,1744,1,Full House,No,82137
G-13,2,2297,2,Full House,No,96085
G-6,4,1831,3,Portion,Yes,106998
F-6,4,1661,3,Apartment,Yes,110091
F-10,1,1451,1,Full House,No,70156
F-7,3,765,3,Full House,No,83867
I-10,1,2164,1,Portion,Yes,80833
I-11,6,1696,6,Full House,Yes,128744
G-8,4,1666,4,Portion,No,90919
DHA Phase 2,6,2245,4,Full House,No,119103
G-7,5,1988,5,Portion,Yes,111388
Bahria Town,4,2165,2,Portion,No,88702
DHA Phase 2,4,1481,2,Portion,Yes,89444
G-11,1,1451,1,Apartment,Yes,59807
F-8,4,2620,2,Full House,No,126371
I-11,1,1716,1,Portion,Yes,74987
G-15,4,1705,2,Portion,No,79913
F-7,1,921,1,Full House,No,70593
DHA Phase 2,5,1469,5,Portion,No,95815
DHA Phase 2,2,2130,1,Full House,No,88196
F-10,4,1146,2,Full House,No,102083
I-8,6,1982,5,Apartment,Yes,135560
G-6,1,1683,1,Portion,Yes,67832
G-13,5,2032,3,Portion,Yes,122182
Bahria Town,5,1510,5,Apartment,Yes,99553
G-6,6,2768,4,Portion,No,121455
G-9,3,1034,2,Portion,No,59601
H-13,5,2270,4,Full House,No,111429
G-10,5,1952,3,Full House,No,123218
G-13,6,2710,6,Apartment,No,148214
G-7,4,2363,3,Apartment,Yes,110694
I-8,1,895,1,Full House,Yes,56596
G-13,5,2532,5,Portion,Yes,136515
G-15,1,1624,1,Portion,No,60819
F-11,4,2759,4,Portion,Yes,136919
Bahria Town,2,1286,1,Portion,Yes,74200
G-6,2,1190,2,Full House,No,71153
G-13,3,2503,1,Full House,Yes,110231
F-10,6,1829,4,Full House,No,142648
G-7,4,2384,2,Apartment,Yes,106212
G-10,5,1734,3,Apartment,Yes,105765
F-10,4,1676,4,Portion,Yes,113843
I-10,1,1326,1,Full House,Yes,69164
G-13,1,1633,1,Apartment,No,59622
I-8,6,1243,4,Full House,No,107023
G-9,3,922,2,Apartment,No,59284
G-6,5,1761,4,Apartment,Yes,103567
G-9,4,1362,3,Portion,Yes,98124
I-8,4,2282,2,Portion,No,101671
I-11,2,2778,1,Portion,Yes,102318
G-8,5,950,4,Apartment,Yes,92576
H-13,5,2656,4,Full House,Yes,126668
F-10,2,1611,1,Full House,Yes,88681
DHA Phase 2,6,1864,6,Portion,No,116557
G-11,4,1236,4,Portion,No,85248
H-13,6,847,5,Apartment,Yes,104307
Bahria Town,4,1191,4,Full House,No,97092
G-13,6,1005,4,Apartment,No,87337
G-6,3,1786,2,Full House,Yes,105314
I-8,1,1683,1,Apartment,Yes,65882
G-7,2,2040,1,Full House,Yes,86416
DHA Phase 2,6,1984,6,Portion,No,122691
G-13,3,1028,2,Portion,Yes,79519
F-11,5,2259,3,Apartment,No,118975
I-8,6,2525,6,Apartment,Yes,142440
F-8,3,1610,1,Apartment,No,83690
F-11,1,2393,1,Portion,No,92020
G-15,2,819,1,Portion,No,51879
G-15,4,2007,3,Full House,Yes,107110
G-9,6,1279,4,Portion,Yes,118050
G-9,2,2773,2,Apartment,No,97774
F-10,1,1438,1,Apartment,No,67879
G-8,5,1654,4,Full House,Yes,113247
I-8,3,1718,1,Apartment,Yes,80530
I-8,4,1316,3,Full House,Yes,93222
G-10,2,1997,1,Apartment,No,78212
DHA Phase 2,4,2100,3,Apartment,No,95618
G-10,2,2396,1,Full House,Yes,104463
G-6,6,1666,6,Apartment,Yes,117864
I-8,2,1087,1,Full House,Yes,74544
H-13,6,828,5,Full House,Yes,111724
G-15,5,2085,5,Portion,Yes,119616
H-13,5,1498,3,Portion,Yes,92463
F-11,1,787,1,Apartment,No,56491
G-8,3,1803,2,Portion,No,84064
G-7,4,1980,4,Full House,Yes,109376
I-8,6,2276,4,Apartment,Yes,134274
F-10,5,895,5,Full House,No,110285
G-15,3,1807,1,Apartment,No,75890
G-10,1,2480,1,Apartment,Yes,83759
F-8,4,1048,4,Apartment,No,83073
G-11,2,1746,1,Full House,Yes,94845
Bahria Town,1,805,1,Full House,No,55654
F-10,6,1443,5,Full House,Yes,140099
H-13,5,2537,3,Apartment,Yes,134206
Bahria Town,2,1691,1,Portion,No,74485
G-9,3,1630,3,Apartment,No,86700
G-9,5,1066,5,Portion,Yes,106684
H-13,5,2114,3,Full House,Yes,135550
G-8,5,1435,5,Portion,Yes,101461
G-6,5,1994,5,Apartment,Yes,123045
F-8,3,2476,1,Full House,Yes,114408
F-6,6,2137,5,Portion,No,134394
H-13,6,1694,4,Portion,Yes,125570
F-7,1,2211,1,Portion,Yes,89507
F-6,3,2421,2,Apartment,Yes,102161
G-13,4,1480,3,Apartment,Yes,98594
DHA Phase 2,1,778,1,Full House,No,48329
Bahria Town,4,2535,3,Apartment,Yes,117138
F-11,6,1357,5,Apartment,No,111901
F-11,6,1161,6,Full House,Yes,142178
F-7,2,827,2,Portion,Yes,69502
H-13,2,1019,2,Full House,Yes,68814
I-10,5,823,4,Apartment,Yes,95435
G-13,5,1914,5,Apartment,No,115148
F-6,2,962,2,Full House,No,76060
F-7,1,2800,1,Portion,Yes,98826
DHA Phase 2,3,1462,2,Full House,Yes,84438
G-11,5,1491,5,Portion,Yes,115706
G-13,3,1607,1,Apartment,No,78506
G-13,6,2195,5,Apartment,No,132263
G-7,4,2342,3,Full House,Yes,131039
G-7,4,1942,2,Portion,Yes,99845
I-11,5,1773,3,Apartment,No,101471
G-7,2,1220,1,Portion,No,53073
DHA Phase 2,2,2556,2,Apartment,No,91556
I-10,4,2543,2,Apartment,No,99481
G-11,5,2368,4,Apartment,Yes,113371
I-8,3,1751,2,Full House,No,81393
Bahria Town,3,1213,3,Portion,Yes,82601
F-10,1,996,1,Apartment,Yes,68919
G-7,3,1667,3,Full House,Yes,92477
G-7,6,1797,5,Apartment,Yes,120310
G-10,6,2770,5,Portion,Yes,132739
I-10,5,868,4,Apartment,No,81500
F-6,4,1138,3,Apartment,No,95133
F-11,1,2275,1,Portion,No,82325
G-11,6,1496,6,Apartment,No,114868
Bahria Town,3,1941,2,Full House,Yes,109419
F-7,3,1929,1,Full House,No,98408
I-11,6,1962,5,Full House,Yes,139600
I-11,4,2491,3,Apartment,Yes,106352
I-10,5,1956,5,Apartment,No,114757
G-7,3,986,1,Apartment,No,57732
F-11,6,1130,4,Apartment,No,111900
DHA Phase 2,1,2211,1,Apartment,No,75149
G-10,3,2509,3,Apartment,No,105447
H-13,6,2265,4,Apartment,No,128970
F-8,5,2123,4,Apartment,No,124082
I-10,5,2233,4,Portion,Yes,111244
H-13,3,2073,3,Apartment,Yes,88486
G-8,5,2216,3,Portion,No,104248
I-8,3,1799,1,Portion,No,79062
I-10,2,2214,1,Portion,No,84179
F-10,5,2070,3,Apartment,No,124541
I-10,5,1237,4,Portion,No,100818
F-7,3,2395,2,Full House,Yes,119015
G-6,1,2253,1,Apartment,No,69412
F-10,4,2093,4,Full House,No,134797
H-13,3,2599,1,Full House,Yes,118053
DHA Phase 2,2,1588,2,Apartment,Yes,70078
F-6,5,2616,5,Full House,Yes,156358
Bahria Town,5,2209,3,Apartment,Yes,112673
F-7,4,2613,4,Apartment,Yes,130117
F-6,1,1417,1,Full House,No,77670
I-11,6,946,4,Full House,No,94969
F-10,3,1398,3,Full House,No,93834
H-13,4,2795,2,Full House,No,121232
G-6,6,2646,6,Full House,No,154057
I-10,4,946,3,Apartment,No,74189
G-9,5,2609,4,Apartment,Yes,138213
G-10,6,951,6,Full House,Yes,120264
G-8,5,1503,5,Portion,No,101248
F-6,6,936,5,Apartment,Yes,116969
G-11,5,1046,4,Apartment,Yes,103263
I-10,3,2751,1,Portion,Yes,110604
F-8,5,2537,5,Apartment,Yes,137879
G-6,6,1895,5,Portion,Yes,131783
G-13,5,1251,5,Apartment,Yes,102607
G-13,6,2649,4,Apartment,No,129061
H-13,6,1849,5,Full House,No,128062
F-11,6,1662,5,Full House,Yes,135151
G-10,5,1122,3,Portion,Yes,100055
F-8,5,2206,3,Portion,No,113421
G-10,3,1944,2,Portion,Yes,93846
G-9,1,1416,1,Full House,Yes,75608
H-13,6,1302,4,Portion,No,102213
DHA Phase 2,5,1047,3,Full House,No,91475
I-8,3,1414,3,Portion,No,75630
I-8,1,897,1,Full House,Yes,61509
G-8,1,1660,1,Apartment,Yes,60755
G-9,1,1600,1,Full House,Yes,81885
G-10,1,919,1,Apartment,Yes,51268
F-7,6,2539,5,Apartment,No,131222
G-15,4,2225,3,Full House,Yes,121861
F-8,4,1808,3,Apartment,Yes,114023
G-7,1,2750,1,Full House,No,96825
G-8,4,2347,2,Apartment,Yes,98232
DHA Phase 2,6,2613,6,Apartment,Yes,137356
G-15,5,1747,3,Full House,No,113563
I-10,2,1588,1,Full House,No,83299
F-10,3,1383,1,Full House,No,92783
Bahria Town,6,1700,6,Portion,Yes,117232
DHA Phase 2,3,1312,2,Portion,No,77403
F-7,5,1332,3,Full House,No,104848
I-8,6,2628,4,Full House,Yes,154272
Bahria Town,3,1925,2,Portion,No,78283
F-8,5,1772,3,Portion,Yes,118202
Bahria Town,6,1926,4,Apartment,No,104392
F-6,5,2775,5,Full House,No,149371
F-10,2,1369,2,Apartment,Yes,83955
F-8,4,1088,2,Apartment,Yes,93025
I-10,4,2729,3,Full House,No,129281
F-6,3,1066,3,Apartment,Yes,88641
G-15,5,2320,4,Full House,Yes,137965
G-11,4,1054,4,Portion,No,85179
F-10,5,2516,4,Portion,Yes,146870
F-7,1,1381,1,Portion,Yes,74905
G-15,4,1530,4,Portion,No,98076
F-6,2,2000,1,Apartment,No,86387
G-11,6,1729,6,Full House,Yes,137902
G-6,4,1260,2,Full House,Yes,103852
F-6,1,2327,1,Full House,No,96390
G-8,5,1390,3,Portion,Yes,101002
G-9,1,1034,1,Full House,Yes,68153
G-9,5,1184,4,Portion,Yes,92551
G-13,6,2285,4,Portion,No,115612
G-9,5,1661,4,Apartment,No,95252
F-8,1,1069,1,Apartment,No,61278
H-13,2,1577,1,Apartment,Yes,75462
G-8,1,1185,1,Portion,Yes,57992
G-11,5,1421,5,Apartment,No,100121
I-11,2,2203,2,Portion,Yes,86294
DHA Phase 2,6,1099,5,Apartment,No,96996
G-15,6,1422,4,Full House,Yes,130085
Bahria Town,5,2335,3,Full House,No,117785
G-9,6,1188,4,Portion,No,90315
DHA Phase 2,3,970,1,Portion,Yes,65328
DHA Phase 2,1,2766,1,Portion,No,85137
I-10,6,1813,5,Apartment,No,118905
F-7,1,787,1,Portion,No,58380
F-6,3,1356,3,Apartment,Yes,93261
Bahria Town,5,2216,5,Full House,No,126026
Bahria Town,2,1224,1,Full House,No,66576
H-13,2,701,2,Apartment,Yes,64184
G-8,6,1023,4,Full House,No,99350
I-8,6,1609,4,Full House,Yes,115801
Bahria Town,4,1350,3,Apartment,No,88459
F-11,1,1646,1,Apartment,Yes,84568
G-7,1,1930,1,Full House,Yes,88858
G-9,6,1597,4,Apartment,Yes,109828
G-10,4,2611,2,Portion,No,96864
G-15,3,2236,1,Portion,Yes,100196
G-11,5,2675,5,Full House,Yes,130588
Bahria Town,4,2013,3,Apartment,Yes,107221
G-15,3,2628,3,Full House,No,117150
G-8,1,772,1,Apartment,No,38410
G-6,2,2662,1,Full House,No,104073
I-11,6,2036,5,Portion,Yes,137714
F-6,2,1394,1,Full House,Yes,93228
G-8,2,914,2,Full House,Yes,71071
F-8,1,2693,1,Portion,No,99770
G-8,5,1854,4,Apartment,No,95778
G-9,4,1756,3,Apartment,Yes,104651
G-15,1,1833,1,Full House,Yes,73047
F-6,4,1297,3,Portion,No,98461
G-13,3,2443,3,Full House,No,112565
I-11,6,736,4,Apartment,Yes,103091
G-15,6,1983,5,Apartment,Yes,137907
F-11,2,1791,1,Apartment,No,88933
I-10,6,2543,5,Portion,Yes,125831
I-8,2,1970,2,Apartment,Yes,82150
F-6,2,2476,2,Apartment,No,104041
F-7,2,1253,2,Portion,Yes,82716
G-13,5,1048,3,Portion,Yes,101155
G-11,6,1423,4,Full House,No,108561
G-6,6,2235,5,Portion,Yes,121642
F-11,5,1391,4,Apartment,Yes,115478
G-11,3,2587,3,Apartment,No,93684
H-13,4,751,2,Full House,Yes,80481
H-13,1,1344,1,Portion,Yes,62526
F-6,3,1302,3,Apartment,Yes,87860
I-10,4,2653,3,Apartment,Yes,115975
G-10,1,2746,1,Portion,No,74540
G-11,3,1809,1,Apartment,Yes,91768
G-8,2,1422,2,Portion,Yes,66388
DHA Phase 2,6,1797,5,Portion,No,113661
F-6,4,1041,4,Portion,No,95984
DHA Phase 2,5,1614,3,Full House,Yes,123174
G-9,4,1735,3,Full House,No,91244
G-7,2,1575,1,Full House,No,78937
I-11,6,745,5,Full House,Yes,107310
I-10,4,994,2,Apartment,Yes,77950
G-11,6,2471,6,Apartment,No,118650
DHA Phase 2,4,2266,3,Apartment,Yes,119761
F-11,3,2110,1,Full House,No,105733
F-8,1,1121,1,Portion,Yes,62724
G-13,3,2488,1,Portion,No,86829
F-7,6,2553,6,Apartment,No,129694
F-6,2,1210,1,Apartment,No,73322
F-11,1,817,1,Portion,No,49605
G-10,3,2042,1,Apartment,Yes,85998
G-8,1,1793,1,Apartment,No,56678
G-6,5,1887,5,Portion,No,117635
H-13,2,2122,1,Full House,No,93269
F-10,5,1960,5,Portion,No,111999
I-10,2,1969,2,Apartment,Yes,80217
G-11,2,1180,2,Portion,Yes,69821
H-13,1,2520,1,Portion,Yes,87074
G-9,4,1956,2,Full House,No,100097
I-10,1,2620,1,Full House,No,81394
G-9,1,2229,1,Apartment,Yes,73886
F-8,6,2334,6,Portion,Yes,151033
I-11,1,2365,1,Full House,Yes,84168
F-10,1,1952,1,Full House,Yes,100747
Bahria Town,1,2240,1,Apartment,Yes,83991
G-6,1,1274,1,Apartment,No,49009
G-11,1,1468,1,Full House,Yes,70785
DHA Phase 2,6,957,4,Full House,Yes,101407
I-11,1,2016,1,Portion,No,71868
G-15,4,787,4,Portion,Yes,87489
G-10,3,2448,1,Portion,No,83080
G-9,1,1686,1,Portion,Yes,72458
I-8,1,2511,1,Portion,Yes,88108
G-9,3,2666,2,Apartment,No,97582
G-9,4,1056,2,Portion,Yes,83507
I-11,3,943,2,Portion,No,65753
G-8,5,1205,5,Portion,Yes,108291
G-6,6,1854,6,Portion,Yes,136018
F-6,6,1410,5,Apartment,No,109079
G-6,1,1857,1,Full House,No,70426
F-10,6,859,5,Portion,No,97492
F-10,6,1625,6,Full House,Yes,149729
I-10,6,1196,4,Full House,No,100223
F-7,3,2046,3,Full House,No,102489
G-10,2,2056,1,Portion,Yes,86598
G-15,2,1968,2,Portion,No,77206
DHA Phase 2,2,1783,2,Portion,No,69125
F-6,1,1900,1,Portion,Yes,83807
G-10,4,1118,2,Full House,Yes,99398
I-10,2,1448,2,Portion,No,59838
DHA Phase 2,4,2011,3,Apartment,No,89139
G-9,4,2071,3,Apartment,No,98938
G-7,2,2410,1,Portion,No,82604
G-13,1,2513,1,Apartment,No,80190
DHA Phase 2,4,2714,3,Apartment,No,102364
H-13,6,2534,6,Full House,Yes,138485
G-9,5,1697,4,Apartment,No,94101
Bahria Town,4,1698,4,Portion,No,85230
Bahria Town,1,1275,1,Apartment,No,52403
H-13,5,2794,3,Apartment,Yes,139604
F-8,3,1450,1,Portion,Yes,96121
G-8,4,1067,2,Apartment,No,75486
I-10,3,847,1,Apartment,No,63271
F-6,2,2701,1,Full House,Yes,111393
I-11,5,2205,4,Full House,No,114974
G-13,1,998,1,Full House,No,57654
G-15,4,2381,4,Full House,No,122588
G-10,1,2015,1,Full House,Yes,85308
G-11,3,2611,2,Portion,Yes,113137
G-8,2,2764,1,Full House,No,106627
DHA Phase 2,4,1191,2,Full House,Yes,91987
I-8,1,1349,1,Apartment,No,50583
G-10,6,2353,4,Portion,Yes,139657
G-7,3,2357,1,Apartment,Yes,93516
F-11,4,2749,4,Full House,No,134882
F-11,1,1628,1,Portion,No,72334
I-10,5,1192,3,Portion,No,92306
G-13,6,1206,4,Portion,No,101116
F-6,2,1527,1,Full House,No,94909
I-10,6,795,4,Apartment,Yes,89698
G-15,6,1736,4,Portion,No,99616
G-11,2,1789,1,Full House,No,82566
Bahria Town,3,713,3,Apartment,No,67058
I-8,1,1607,1,Full House,Yes,72049
G-11,4,2722,2,Portion,Yes,107075
G-9,5,1854,5,Portion,Yes,116653
G-10,5,877,3,Portion,Yes,84344
G-13,4,2286,3,Portion,Yes,105587
F-7,5,2203,4,Full House,Yes,145620
G-11,1,2776,1,Apartment,No,83956
G-15,6,1168,5,Apartment,Yes,113554
G-8,3,1605,1,Portion,No,70244
F-8,2,2055,1,Apartment,No,93447
G-15,6,2108,4,Portion,No,106606
G-15,5,1123,4,Apartment,No,88176
F-6,4,1397,2,Apartment,No,96600
G-9,3,1776,2,Portion,Yes,91178
DHA Phase 2,4,1931,2,Apartment,No,84958
Bahria Town,3,1163,1,Portion,Yes,75743
G-9,1,1220,1,Portion,No,45954
F-8,6,2735,6,Apartment,Yes,162893
H-13,5,2394,5,Apartment,No,120857
F-8,6,2243,4,Full House,No,147747
G-10,1,763,1,Apartment,No,44233
G-15,6,2797,6,Full House,No,156482
G-11,4,820,2,Apartment,Yes,72495
I-10,6,1365,4,Full House,No,120672
DHA Phase 2,2,2159,1,Full House,No,88310
Bahria Town,5,2043,5,Full House,No,121858
F-7,4,959,3,Full House,No,94033
G-6,4,2536,4,Portion,No,108631
I-10,1,1119,1,Portion,Yes,58302
DHA Phase 2,5,1943,5,Full House,No,107413
G-7,4,1447,4,Portion,No,84418
F-11,6,1979,5,Apartment,Yes,126476
I-11,3,2601,1,Full House,No,96113
Bahria Town,3,2207,3,Portion,No,91005
F-6,1,1727,1,Portion,Yes,86779
DHA Phase 2,6,1420,6,Apartment,No,100502
H-13,5,923,3,Apartment,No,83267
DHA Phase 2,6,1896,6,Full House,No,135872
Bahria Town,1,2516,1,Portion,Yes,88047
F-11,5,2725,4,Apartment,Yes,135357
F-7,6,1390,4,Portion,Yes,131146
G-7,3,1242,3,Apartment,Yes,84323
G-13,1,2078,1,Portion,Yes,77384
G-7,4,1586,3,Portion,Yes,93084
I-8,5,1443,4,Full House,No,104191
F-7,1,2324,1,Apartment,Yes,88340
F-10,4,1744,4,Portion,No,115827
G-15,4,1621,3,Full House,Yes,107546
G-6,6,2021,6,Portion,Yes,129502
G-10,3,1553,1,Apartment,Yes,75651
G-8,6,1094,6,Apartment,Yes,115767
F-11,2,2445,1,Portion,Yes,104669
G-10,4,2545,2,Apartment,No,113981
F-7,4,2668,4,Apartment,Yes,128525
DHA Phase 2,5,1371,4,Full House,No,110864
G-10,3,1991,2,Full House,Yes,103618
G-13,4,1156,2,Apartment,Yes,80700
F-11,3,1280,3,Portion,No,81420
F-10,2,2655,1,Apartment,Yes,100917
G-8,4,1778,3,Portion,Yes,93793
F-8,6,1506,5,Portion,No,120442
F-11,4,1266,3,Full House,Yes,116739
F-7,2,1012,1,Full House,Yes,81230
I-11,4,1155,4,Full House,No,83808
G-8,2,2110,1,Apartment,No,75414
G-15,2,1978,2,Full House,No,84010
F-11,5,1004,4,Full House,Yes,111665
G-9,6,2428,6,Full House,No,134485
F-7,1,1683,1,Portion,No,72947
F-8,1,2247,1,Full House,Yes,101975
G-10,4,730,2,Full House,No,75206
G-13,1,2290,1,Full House,Yes,85399
Bahria Town,5,1320,3,Portion,Yes,103327
Bahria Town,2,1876,2,Full House,No,82050
F-6,6,2046,4,Portion,Yes,148915
F-8,6,2448,6,Full House,No,138507
G-8,4,1925,4,Portion,No,88751
G-10,3,2394,1,Full House,Yes,107872
F-7,4,2663,4,Portion,Yes,130223
G-10,3,703,1,Full House,No,72175
G-6,4,1814,3,Apartment,No,99091
G-13,6,724,4,Apartment,Yes,104885
H-13,3,1782,1,Full House,Yes,90547
G-6,2,2326,1,Apartment,No,82583
G-15,1,1512,1,Apartment,Yes,69171
F-8,3,1639,2,Full House,No,103429
F-10,1,2463,1,Full House,No,96518
H-13,6,2422,6,Apartment,No,139146
G-13,2,1396,1,Portion,Yes,72825
G-8,2,2361,1,Full House,No,93801
F-7,6,2190,5,Portion,No,143942
I-8,5,2553,4,Portion,Yes,122510
H-13,2,1914,2,Full House,No,85228
F-8,2,2719,2,Apartment,Yes,117954
I-10,1,1505,1,Full House,No,67884
F-10,1,1096,1,Full House,Yes,83784
F-6,3,2589,3,Apartment,No,103787
F-7,1,2608,1,Portion,No,87418
F-11,5,2349,5,Portion,Yes,135916
F-6,6,2586,4,Apartment,Yes,132272
Bahria Town,3,1244,3,Full House,Yes,88979
G-15,4,2057,4,Apartment,No,106275
I-8,6,1250,4,Full House,Yes,118958
G-10,3,1082,1,Apartment,Yes,70217
G-8,5,979,3,Full House,Yes,110158
F-11,1,2110,1,Portion,Yes,81895
G-6,3,923,3,Portion,Yes,71819
F-7,3,1815,3,Apartment,Yes,97417
G-7,3,898,2,Full House,No,77251
G-6,6,2588,5,Apartment,Yes,131052
G-6,4,915,3,Apartment,No,69463
G-9,1,1232,1,Portion,No,51519
F-11,6,2595,5,Apartment,Yes,138343
G-7,3,791,1,Full House,Yes,78620
Bahria Town,4,825,4,Full House,No,91364
DHA Phase 2,1,2650,1,Portion,No,78583
H-13,6,1682,6,Apartment,Yes,118899
G-6,3,1057,1,Portion,No,57324
F-8,1,1480,1,Portion,No,61945
F-11,2,2503,2,Apartment,No,100811
F-7,1,2452,1,Portion,No,83673
G-9,1,1922,1,Full House,No,78346
I-10,5,1990,3,Apartment,No,98502
G-13,3,2307,3,Apartment,No,102212
G-6,3,2483,3,Full House,Yes,105887
G-7,4,1936,3,Full House,Yes,118461
F-11,1,2522,1,Full House,Yes,115737
G-7,1,1879,1,Full House,Yes,86873
G-15,5,1110,4,Apartment,Yes,105714
G-9,5,780,3,Full House,Yes,95545
F-8,4,1635,3,Apartment,No,95001
F-7,4,2174,2,Portion,No,110636
F-10,4,2698,4,Portion,Yes,145640
G-6,2,2349,1,Apartment,No,75131
I-10,3,2785,3,Apartment,No,103992
I-10,3,788,2,Full House,No,69002
G-10,6,808,5,Full House,No,112551
F-7,3,1593,3,Full House,No,98987
H-13,2,1304,1,Apartment,No,63764
G-6,1,2019,1,Apartment,No,63551
I-10,4,788,3,Apartment,No,70242
F-7,1,1780,1,Portion,No,70193
F-11,3,1836,1,Full House,Yes,98239
DHA Phase 2,4,1176,2,Apartment,No,79991
DHA Phase 2,6,1698,6,Full House,No,127461
F-6,6,2731,6,Full House,No,165762
F-11,4,2681,2,Full House,No,131992
F-10,2,773,2,Portion,Yes,73952
G-13,2,2068,1,Full House,Yes,95997
I-8,4,2489,4,Portion,No,102478
F-10,2,1000,2,Apartment,No,72046
G-7,4,2715,4,Full House,No,130016
I-10,6,2297,6,Apartment,No,134946
F-8,2,2358,2,Portion,Yes,102250
G-15,5,980,3,Apartment,Yes,85202
F-10,5,1386,3,Apartment,No,113855
G-7,1,2614,1,Portion,Yes,81785
Bahria Town,2,911,2,Apartment,Yes,59480
G-13,5,962,5,Full House,Yes,105480
F-6,1,2175,1,Portion,Yes,92515
G-8,3,1521,3,Apartment,Yes,81712
G-9,3,1106,2,Apartment,Yes,69902
G-9,3,1890,3,Portion,No,91140
F-11,6,1123,4,Portion,No,114942
G-15,2,1050,2,Full House,No,71896
G-11,3,929,2,Portion,Yes,78086
G-10,6,1036,5,Full House,Yes,118135
Bahria Town,2,1977,2,Full House,Yes,85376
G-8,3,2798,1,Portion,Yes,101254
I-8,2,716,1,Full House,Yes,62096
F-11,6,1821,6,Full House,Yes,140291
F-10,5,1539,5,Full House,No,125760
Bahria Town,3,1006,2,Portion,Yes,67349
G-8,4,1759,2,Portion,Yes,95012
F-10,5,1242,4,Full House,No,112565
G-9,4,2642,2,Full House,No,113382
F-8,3,1207,2,Apartment,No,83180
Bahria Town,2,2366,1,Full House,Yes,105278
G-9,5,1821,4,Apartment,No,108627
G-9,1,1369,1,Portion,No,54305
I-8,4,1888,2,Portion,No,96821
G-8,5,2419,3,Portion,Yes,116133
G-10,5,1379,4,Apartment,No,96719
F-6,6,1564,5,Apartment,Yes,122822
G-15,2,2773,1,Apartment,Yes,96895
F-7,5,1539,4,Portion,No,106122
F-6,4,1112,4,Full House,No,101573
G-10,4,1769,3,Apartment,No,86210
F-10,1,2625,1,Full House,Yes,116201
I-11,6,916,6,Portion,Yes,109270
F-8,2,808,1,Apartment,Yes,70198
G-15,6,1292,5,Portion,No,106532
G-8,4,2395,3,Full House,Yes,128704
G-11,2,1968,1,Apartment,No,76779
G-9,5,2725,3,Apartment,Yes,128069
I-10,6,1757,5,Portion,No,115651
I-8,5,1161,4,Full House,No,101621
DHA Phase 2,4,1298,4,Full House,Yes,96890
Bahria Town,6,1313,5,Apartment,Yes,117407
DHA Phase 2,2,2014,1,Portion,No,79297
F-7,1,1564,1,Apartment,No,66117
G-13,3,2735,1,Full House,Yes,110458
G-13,3,1520,2,Portion,No,73750
G-6,3,2477,1,Full House,No,102235
DHA Phase 2,5,992,5,Portion,Yes,95315
I-10,6,1703,4,Full House,No,127512
G-11,6,1269,4,Full House,No,115264
I-8,1,2390,1,Portion,No,71099
F-8,2,2633,2,Full House,No,109178
G-13,6,2201,6,Full House,No,141041
I-11,5,2390,3,Apartment,No,102341
Bahria Town,1,2201,1,Full House,No,73043
I-11,2,2511,1,Full House,No,90323
G-9,2,1484,1,Full House,Yes,89384
Bahria Town,4,2539,4,Full House,Yes,125468
G-13,5,1263,3,Full House,No,108846
F-11,3,1105,1,Portion,Yes,75893
G-10,6,1297,5,Apartment,No,110180
F-10,4,1789,4,Apartment,Yes,115905
DHA Phase 2,1,2488,1,Portion,Yes,90494
DHA Phase 2,2,1242,1,Apartment,No,62138
Bahria Town,6,1325,6,Full House,Yes,132386
G-10,4,2235,4,Apartment,No,95042
G-9,4,2216,4,Portion,No,99573
G-13,3,855,1,Full House,No,68264
G-13,3,1269,2,Full House,No,79490
H-13,1,2175,1,Portion,Yes,70768
G-10,6,1347,4,Portion,Yes,117082
G-13,3,1116,3,Full House,No,74694
I-8,5,2327,4,Full House,No,116669
F-10,6,978,6,Portion,Yes,112679
G-8,5,2063,5,Apartment,Yes,121289
G-6,6,2165,4,Full House,Yes,124866
G-11,4,1214,3,Apartment,Yes,90777
F-8,3,2287,1,Full House,Yes,108260
I-10,1,2253,1,Full House,Yes,96221
I-11,4,1378,4,Apartment,Yes,94613
F-10,6,907,4,Full House,Yes,125311
G-8,6,820,6,Portion,Yes,104732
Bahria Town,3,1333,2,Portion,No,71473
Bahria Town,1,2480,1,Full House,Yes,91523
G-7,5,1363,3,Apartment,No,99755
I-11,5,2440,5,Full House,Yes,126059
G-15,1,1255,1,Apartment,No,49777
G-10,2,1526,1,Full House,Yes,76178
G-11,2,2595,1,Full House,Yes,105969
I-10,2,2440,1,Portion,No,85833
G-6,2,1671,2,Portion,Yes,70602
F-10,6,1027,4,Full House,No,106826
F-11,2,1914,1,Full House,Yes,97211
G-8,6,782,4,Full House,Yes,101574
G-9,1,1876,1,Apartment,Yes,70633
G-7,1,779,1,Full House,No,48163
I-10,6,707,4,Apartment,No,97325
G-8,3,2416,3,Full House,Yes,114515
G-6,1,2543,1,Full House,No,94139
G-8,3,1834,3,Portion,Yes,84436
F-8,3,1766,3,Apartment,Yes,110325
G-8,6,2117,5,Portion,No,118633
F-10,6,2160,4,Apartment,Yes,130037
F-8,6,824,6,Full House,No,130874
F-6,6,2025,4,Full House,No,126264
I-11,4,2361,4,Apartment,Yes,115979
I-11,1,2202,1,Apartment,No,68592
F-7,1,878,1,Full House,No,59883
F-10,1,2008,1,Full House,Yes,87248
G-11,6,2025,5,Full House,No,123790
F-8,2,2011,2,Apartment,Yes,94969
G-8,2,1927,1,Full House,Yes,95475
I-8,5,2044,5,Full House,Yes,121896
Bahria Town,4,910,2,Portion,No,68603
F-7,1,1590,1,Apartment,Yes,81938
G-13,4,2390,4,Apartment,Yes,119056
G-9,1,1137,1,Portion,No,51337
G-11,3,700,2,Apartment,Yes,62082
G-8,3,1521,2,Full House,Yes,87962
F-7,6,1542,5,Apartment,Yes,116790
G-7,2,1218,1,Full House,No,72071
G-9,1,1573,1,Portion,Yes,65241
Bahria Town,4,1665,3,Portion,Yes,101007
F-10,6,2772,4,Apartment,Yes,161761
F-8,2,1033,2,Portion,Yes,75564
I-10,3,1350,2,Full House,No,82514
G-13,5,1358,5,Apartment,Yes,101297
F-10,1,833,1,Portion,Yes,56972
G-13,2,1836,2,Apartment,No,76149
F-7,3,1216,3,Full House,No,88308
F-10,2,913,1,Portion,No,64828
F-6,3,769,2,Full House,Yes,91559
G-7,3,2088,2,Full House,No,105169
DHA Phase 2,6,1496,6,Full House,Yes,136243
F-10,4,1961,4,Apartment,No,100822
F-11,2,1025,1,Apartment,Yes,78935
G-13,4,2607,4,Apartment,No,118730
G-6,1,1868,1,Full House,Yes,79737
G-11,4,1861,2,Full House,Yes,108547
I-11,4,2517,3,Portion,Yes,121805
F-8,6,815,6,Portion,No,104947
I-8,3,2307,2,Apartment,No,85160
G-8,5,2755,5,Apartment,No,117724
G-15,2,1701,1,Apartment,Yes,79618
F-6,6,1219,5,Full House,Yes,134012
G-13,6,2313,5,Full House,Yes,132027
I-8,5,1753,3,Portion,Yes,107365
I-11,5,2106,5,Full House,No,123627
G-11,5,849,3,Apartment,Yes,87978
G-13,6,1421,5,Full House,Yes,122694
G-6,3,1910,3,Portion,No,92132
F-11,6,1061,4,Full House,Yes,127665
F-7,6,1971,5,Apartment,Yes,128496
F-11,5,1762,5,Full House,No,133787
I-10,1,1848,1,Portion,Yes,64415
G-9,6,1017,4,Apartment,No,93152
F-10,1,2313,1,Portion,Yes,86221
F-10,5,2372,3,Portion,No,124287
G-13,5,963,3,Portion,No,79927
G-11,5,1134,3,Apartment,Yes,85763
G-9,1,1215,1,Full House,No,60733
G-8,2,837,2,Full House,No,66130
G-6,3,795,1,Full House,Yes,70736
DHA Phase 2,5,1299,5,Portion,No,87451
Bahria Town,1,2002,1,Apartment,No,67077
F-6,3,2009,2,Full House,Yes,117572
F-11,1,1016,1,Portion,Yes,65281
F-11,3,1612,3,Apartment,Yes,99678
DHA Phase 2,4,813,4,Apartment,No,80964
Bahria Town,2,2088,1,Full House,No,83523
F-8,4,1560,2,Apartment,No,93263
G-13,3,1103,3,Portion,No,76515
G-15,3,2285,1,Full House,No,105004
F-6,1,2487,1,Portion,Yes,94401
I-10,4,1752,4,Apartment,No,86970
G-15,6,1140,5,Portion,No,98513
G-13,4,1256,4,Apartment,No,88056
G-15,3,1655,2,Portion,Yes,78914
G-7,5,1833,4,Full House,Yes,127954
G-11,5,2707,5,Apartment,Yes,122962
G-10,3,2588,3,Apartment,Yes,116152
G-7,3,2164,3,Portion,Yes,92236
I-11,1,1074,1,Full House,Yes,69924
I-10,4,1701,3,Full House,Yes,101621
G-15,3,1989,1,Full House,No,84503
G-11,4,2160,4,Portion,No,97132
F-10,6,1344,5,Apartment,No,121055
F-11,1,1907,1,Portion,Yes,91517
F-7,4,1358,3,Full House,No,95681
F-7,4,1876,2,Apartment,Yes,117066
F-10,5,1764,4,Apartment,No,120800
F-8,3,1447,2,Apartment,No,91318
G-10,2,2241,1,Full House,Yes,96753
G-11,4,1806,4,Apartment,No,91682
G-9,3,1185,2,Portion,No,69227
F-6,3,2748,2,Full House,No,116463
G-15,1,2519,1,Portion,No,72437
H-13,1,2012,1,Apartment,No,66419
H-13,6,801,4,Apartment,Yes,95564
I-8,2,2600,1,Full House,Yes,104990
F-8,2,1649,2,Portion,Yes,85901
I-10,4,1534,3,Full House,No,102010
I-10,1,2357,1,Portion,Yes,83033
G-15,4,1898,4,Portion,No,91622
Bahria Town,6,1233,6,Full House,Yes,111426
G-10,5,1302,3,Full House,No,100011
G-8,6,2340,4,Portion,Yes,139837
Bahria Town,4,855,4,Full House,Yes,100528
F-6,3,1385,2,Apartment,Yes,101170
F-11,1,1753,1,Apartment,No,71656
F-8,2,2791,2,Full House,Yes,125919
G-6,4,1240,4,Apartment,Yes,92982
Bahria Town,5,2603,3,Apartment,Yes,126418
F-6,6,997,5,Portion,Yes,121942
Bahria Town,2,1814,1,Apartment,Yes,78963
F-11,5,990,3,Apartment,No,97888
I-11,4,1415,3,Portion,No,86482
F-10,1,2698,1,Portion,Yes,102350
F-8,1,2705,1,Apartment,Yes,100219
G-6,5,751,4,Apartment,Yes,90712
G-13,4,1342,3,Apartment,No,76949
DHA Phase 2,5,725,4,Portion,No,88131
I-11,5,1735,5,Full House,Yes,119907
G-7,4,2330,4,Full House,No,124813
H-13,2,1192,1,Full House,No,72930
Bahria Town,3,1365,3,Portion,Yes,78515
G-9,3,2452,2,Apartment,Yes,106229
G-10,4,2796,2,Full House,No,130171
F-10,1,2390,1,Apartment,No,92429
I-11,3,2183,2,Apartment,Yes,99687
G-7,2,1912,2,Portion,No,78363
DHA Phase 2,4,1897,3,Portion,Yes,94541
I-11,4,2097,2,Full House,Yes,109290
G-6,6,1137,4,Full House,No,101811
G-10,5,2766,4,Apartment,No,122099
G-15,4,2533,3,Portion,Yes,103918
G-6,3,1173,2,Full House,No,81406
F-8,3,1248,1,Portion,Yes,78295
I-11,2,1113,1,Portion,Yes,65268
I-10,3,2393,2,Portion,Yes,103072
F-11,1,721,1,Full House,Yes,68351
F-7,2,753,2,Full House,Yes,76733
G-11,4,1696,4,Full House,No,103852
F-8,5,2792,5,Apartment,Yes,152073
G-15,2,2530,2,Portion,Yes,93607
I-8,1,2759,1,Full House,Yes,105237
G-7,1,1633,1,Apartment,No,57232
G-9,3,1557,2,Apartment,No,71454
F-10,3,1280,1,Portion,Yes,95425
F-8,1,942,1,Full House,Yes,74245
G-10,3,1170,1,Portion,No,59834
G-11,6,1094,6,Portion,Yes,114648
G-11,6,1477,5,Full House,Yes,123720
H-13,2,1773,1,Apartment,No,70087
G-10,3,1889,3,Full House,Yes,96552
G-7,6,1757,5,Full House,No,124489
G-7,5,1494,5,Full House,No,116702
I-11,2,946,1,Apartment,Yes,58625
G-13,4,2001,3,Apartment,Yes,111796
F-11,6,755,6,Apartment,Yes,109625
G-8,6,1182,6,Full House,Yes,113378
G-9,5,2148,3,Apartment,No,101057
G-9,4,2336,4,Portion,Yes,104217
I-10,3,2659,2,Apartment,No,91750
I-11,5,2100,4,Apartment,No,106597
G-8,2,1477,1,Apartment,Yes,74859
F-11,6,2681,4,Portion,No,128497
F-7,2,2121,2,Full House,No,101070
G-9,4,1951,2,Full House,No,105065
G-7,4,2376,3,Apartment,Yes,109263
F-7,5,833,5,Apartment,Yes,103962
G-8,5,1125,4,Apartment,No,80835
I-10,3,946,2,Portion,Yes,77192
G-9,1,2275,1,Portion,Yes,75181
G-6,1,1455,1,Full House,Yes,74030
G-10,4,1756,4,Full House,Yes,109269
I-11,3,2405,2,Portion,No,102303
F-6,1,1601,1,Full House,No,82332
F-6,6,1755,6,Apartment,Yes,122972
DHA Phase 2,5,2363,3,Apartment,No,103124
F-11,3,2537,2,Apartment,No,111947
DHA Phase 2,6,959,4,Apartment,No,100957
I-8,2,1831,2,Apartment,No,77602
I-11,6,816,6,Portion,No,101836
I-8,1,1378,1,Apartment,No,49809
G-15,6,1320,5,Portion,No,105067
I-8,6,1105,5,Portion,Yes,115496
F-8,1,731,1,Apartment,Yes,56543
I-10,2,2400,2,Full House,Yes,100800
G-13,3,1335,1,Full House,Yes,89510
F-10,6,1270,4,Apartment,No,109460
G-11,4,1070,4,Portion,No,88063
F-11,3,1154,1,Full House,No,88684
F-11,1,1582,1,Full House,No,73666
F-10,4,1384,3,Portion,No,89614
F-11,2,2498,1,Portion,Yes,105260
F-8,4,2659,2,Portion,No,108217
G-8,3,1142,1,Portion,Yes,73035
F-6,4,2325,2,Portion,No,105349
Bahria Town,2,1932,1,Portion,No,70255
G-11,6,1607,6,Full House,No,117497
G-9,3,2598,2,Apartment,No,96543
F-11,5,2786,4,Portion,No,128793
G-11,2,2106,1,Apartment,No,76392
G-8,5,1279,3,Full House,No,90405
H-13,6,1477,6,Full House,Yes,127886
G-15,1,1076,1,Full House,No,53808
G-10,4,1095,4,Full House,Yes,106115
F-7,3,2054,1,Apartment,Yes,95628
F-7,4,1053,2,Portion,No,83277
F-8,6,1439,6,Apartment,Yes,139976
H-13,6,805,5,Apartment,Yes,102563
G-7,6,1721,4,Portion,Yes,119485
G-7,6,1720,5,Portion,No,101313
G-6,3,1984,2,Full House,No,88835
I-8,6,1277,4,Apartment,No,100865
F-10,1,737,1,Full House,No,66962
DHA Phase 2,6,854,5,Apartment,Yes,107940
G-10,5,865,5,Full House,Yes,113243
G-15,3,1666,1,Full House,No,86925
I-8,6,2235,4,Apartment,No,131291
I-10,3,1633,1,Portion,No,79475
G-13,5,2756,4,Full House,Yes,152307
Bahria Town,5,2786,4,Full House,Yes,130391
G-13,1,2473,1,Portion,Yes,77052
F-8,1,854,1,Full House,Yes,73166
F-7,4,2767,3,Full House,No,126949
G-10,3,1389,3,Portion,Yes,79779
G-10,1,1413,1,Full House,Yes,74642
I-8,5,2784,3,Apartment,No,119251
G-15,1,2719,1,Full House,No,82455
G-10,2,886,1,Apartment,Yes,64049
Bahria Town,3,2422,2,Portion,No,88914
I-10,3,1764,1,Full House,Yes,92258
G-9,5,2347,4,Full House,No,112095
G-6,5,1855,4,Portion,Yes,106299
G-15,6,1118,4,Apartment,Yes,98298
I-11,5,1080,4,Full House,No,90511
F-8,2,819,1,Full House,Yes,81922
I-10,6,1222,4,Apartment,No,107414
G-9,2,1997,1,Full House,Yes,95779
F-10,4,1153,2,Full House,Yes,95637
G-6,1,1180,1,Apartment,Yes,54996
F-11,2,2600,1,Apartment,No,106617
G-13,1,2527,1,Full House,Yes,89551
I-8,5,2390,3,Apartment,No,108375
F-6,3,960,1,Full House,Yes,87353
DHA Phase 2,6,2141,4,Apartment,No,109793
G-6,1,1452,1,Full House,Yes,79616
G-7,1,2559,1,Full House,Yes,99313
G-7,5,1838,4,Apartment,Yes,111269
G-9,4,2135,2,Portion,Yes,104878
G-8,3,2573,3,Apartment,No,105762
G-13,6,1327,5,Apartment,No,98924
G-11,2,2397,2,Full House,No,98500
G-13,5,1970,4,Full House,No,125522
G-10,2,1110,2,Portion,Yes,63851
F-10,2,2476,1,Apartment,No,87914
I-10,4,1173,2,Apartment,Yes,78880
I-11,3,2090,3,Full House,No,100858
Bahria Town,6,1616,5,Apartment,No,118018
F-8,6,1969,6,Full House,Yes,152803
G-11,6,2195,4,Portion,No,128336
G-15,4,1083,4,Apartment,No,78071
Bahria Town,5,1422,3,Apartment,Yes,93395
I-10,6,2109,4,Full House,No,118110
F-6,4,748,2,Portion,Yes,79908
G-11,6,2370,6,Portion,No,120825
Bahria Town,3,2307,1,Full House,No,89993
G-8,6,1467,4,Full House,No,116653
G-8,6,992,4,Apartment,Yes,105491
F-6,6,2280,6,Apartment,No,142224
F-10,5,1003,4,Portion,Yes,117532
F-10,3,2345,1,Full House,Yes,117992
G-7,5,1711,4,Apartment,No,105088
I-8,3,2773,2,Portion,Yes,106699
G-7,5,1801,3,Apartment,Yes,117925
I-10,5,1964,5,Portion,Yes,122330
I-8,6,1795,4,Apartment,Yes,126597
G-7,2,1020,1,Portion,Yes,61651
F-11,5,1476,5,Full House,No,109884
F-11,4,2311,4,Full House,No,135098
H-13,6,927,4,Portion,Yes,92959
F-6,2,2369,1,Portion,Yes,97621
Bahria Town,5,712,5,Apartment,No,91601
G-9,1,2587,1,Portion,No,72378
DHA Phase 2,5,814,4,Full House,No,101667
G-9,2,2007,1,Apartment,No,71681
F-7,1,896,1,Portion,Yes,67189
G-15,4,1641,3,Apartment,No,87778
I-8,4,1476,2,Full House,No,98749
H-13,3,1688,3,Portion,Yes,87685
G-9,1,1196,1,Apartment,No,51668
F-10,4,922,2,Apartment,No,86042
I-8,1,2382,1,Full House,Yes,97755
G-8,6,2709,4,Full House,No,153066
F-6,2,1023,2,Full House,No,77171
G-7,2,1248,1,Full House,Yes,74154
F-10,4,1243,4,Apartment,No,97706
G-15,6,2068,6,Full House,No,135181
Bahria Town,5,1273,4,Full House,No,107672
F-10,5,1151,3,Apartment,Yes,99410
I-10,4,873,3,Full House,Yes,92647
G-6,6,2450,5,Full House,No,123747
F-8,3,1371,3,Apartment,No,85936
I-10,2,1840,1,Portion,No,65251
DHA Phase 2,6,2397,5,Full House,Yes,132851
DHA Phase 2,2,2033,1,Full House,Yes,94051
I-10,5,1633,4,Apartment,No,93324
Bahria Town,5,1405,5,Portion,No,100371
H-13,6,969,6,Full House,No,113508
I-8,6,1176,5,Apartment,Yes,115018
G-9,3,2166,3,Apartment,No,87466
G-6,5,800,5,Full House,No,90356
F-7,2,2359,1,Apartment,Yes,94406
G-11,3,2600,1,Full House,No,101721
I-11,4,765,4,Apartment,Yes,75972
I-10,3,1085,2,Apartment,No,70338
G-7,4,2092,4,Portion,No,107791
DHA Phase 2,5,2305,3,Portion,Yes,119239
G-13,3,754,2,Full House,No,66065
G-13,6,1680,5,Portion,No,101463
I-10,6,1010,4,Apartment,No,91572
G-10,3,2089,1,Portion,Yes,89188
G-10,2,1744,1,Apartment,Yes,82106
G-8,6,2785,5,Portion,Yes,139616
I-10,5,1530,5,Portion,No,101512
DHA Phase 2,4,1390,2,Portion,No,75415
F-6,6,1435,4,Apartment,Yes,130761
F-7,2,985,1,Apartment,Yes,80608
F-11,5,932,5,Apartment,No,110413
I-10,1,826,1,Portion,Yes,50627
G-15,2,2166,1,Full House,Yes,96742
F-11,3,2691,3,Full House,No,116067
H-13,5,1141,3,Portion,Yes,99816
F-10,5,1887,4,Portion,Yes,124701
G-13,1,708,1,Apartment,No,39328
I-11,2,1933,1,Full House,No,87936
G-6,5,1223,5,Portion,No,97497
DHA Phase 2,5,2001,3,Full House,No,121547
G-7,1,1239,1,Apartment,No,48291
G-15,4,997,3,Apartment,Yes,76159
G-11,3,2139,1,Apartment,Yes,86174
Bahria Town,6,1818,6,Apartment,Yes,123495
F-11,1,2432,1,Portion,No,90288
G-9,6,2624,4,Full House,No,146990
G-9,5,872,5,Portion,Yes,90325
G-9,2,1684,1,Full House,Yes,89840
G-13,1,2057,1,Portion,Yes,68875
G-9,2,1218,2,Portion,No,63149
F-6,5,1525,3,Apartment,Yes,108247
G-7,1,1602,1,Apartment,Yes,67316
G-7,4,2461,3,Full House,No,103752
G-6,1,712,1,Full House,No,47926
I-8,5,1392,4,Apartment,Yes,102315
F-6,3,1995,2,Apartment,Yes,105063
G-7,2,991,1,Apartment,Yes,67471
G-9,3,1171,3,Apartment,No,77703
F-8,2,1215,1,Full House,No,87560
F-6,1,1153,1,Portion,Yes,69116
I-8,2,1492,1,Apartment,No,61954
G-13,4,2466,3,Full House,Yes,116511
I-8,4,1655,4,Full House,No,96546
G-6,1,2733,1,Full House,Yes,102371
G-8,3,2620,2,Portion,Yes,108565
G-7,2,1727,1,Full House,No,72127
G-6,2,896,1,Portion,Yes,64627
I-11,4,2559,3,Apartment,No,109073
I-10,5,1541,4,Apartment,No,104721
DHA Phase 2,3,1160,3,Apartment,No,73121
H-13,3,1961,2,Apartment,No,78737
G-13,3,1405,2,Portion,Yes,86742
G-11,1,1096,1,Full House,Yes,62471
G-10,6,1356,4,Apartment,Yes,114785
F-7,5,915,3,Full House,Yes,119358
G-15,3,789,3,Portion,Yes,73914
I-10,2,1709,1,Full House,No,83578
G-13,5,2461,5,Portion,No,125399
DHA Phase 2,2,1636,1,Portion,Yes,80832
I-8,1,1380,1,Apartment,Yes,62817
H-13,3,2104,3,Full House,Yes,109701
G-6,3,2682,1,Full House,Yes,106307
DHA Phase 2,6,1954,6,Full House,No,118846
F-7,4,840,4,Full House,No,89972
F-8,5,2786,3,Portion,No,122444
Bahria Town,6,1958,4,Full House,No,125630
G-13,2,1955,1,Apartment,No,66819
F-6,6,2627,5,Apartment,Yes,147671
F-6,4,1150,3,Full House,Yes,99866
G-11,1,778,1,Full House,No,55276
I-11,5,2302,4,Apartment,No,103112
Bahria Town,6,2123,5,Apartment,Yes,127801
G-11,4,2240,3,Full House,Yes,108049
G-13,2,2134,2,Apartment,No,75669
F-10,3,1510,3,Portion,Yes,107170
Bahria Town,5,1659,4,Portion,No,107416
DHA Phase 2,4,1854,2,Portion,No,91192
F-7,6,1204,4,Apartment,No,104773
DHA Phase 2,3,1315,2,Full House,Yes,97405
F-7,5,2106,5,Apartment,Yes,145104
G-9,4,2556,3,Apartment,No,101980
G-8,4,2235,3,Portion,No,95268
DHA Phase 2,5,1708,3,Full House,Yes,114182
G-7,5,1721,4,Portion,No,92209
G-6,5,2219,5,Portion,Yes,119867
I-10,3,2666,3,Portion,Yes,115361
DHA Phase 2,2,1697,2,Portion,Yes,83804
I-11,4,2411,3,Full House,No,103840
F-6,2,2317,1,Full House,No,106883
F-11,5,1883,5,Apartment,Yes,136378
F-6,3,970,1,Apartment,Yes,78075
F-11,5,1662,3,Portion,Yes,111513
G-11,4,2217,4,Full House,Yes,110261
I-8,1,1662,1,Full House,Yes,81795
F-6,2,1633,1,Full House,Yes,88484
H-13,3,2702,1,Portion,Yes,103179
F-10,1,1719,1,Portion,No,65164
G-10,6,2219,6,Portion,Yes,123691
G-7,1,1684,1,Portion,Yes,68613
I-8,2,2716,1,Portion,No,87644
I-11,3,2118,3,Portion,No,89987
H-13,5,1891,5,Portion,Yes,110894
F-8,4,2184,4,Apartment,Yes,121140
I-11,6,843,6,Full House,Yes,114286
G-8,6,2188,4,Portion,No,120131
G-6,5,2411,5,Full House,Yes,134909
DHA Phase 2,5,2541,3,Apartment,No,122235
I-10,2,866,1,Apartment,No,51945
F-11,6,1578,5,Portion,No,121459
DHA Phase 2,3,1983,2,Full House,Yes,110098
DHA Phase 2,4,2325,3,Apartment,Yes,106960
G-7,1,1612,1,Full House,No,70611
F-8,6,1400,4,Portion,Yes,119627
G-8,3,881,2,Full House,Yes,83074
G-15,6,805,6,Full House,Yes,118092
Bahria Town,2,2253,1,Full House,No,86950
G-9,5,1050,3,Portion,Yes,86014
F-11,4,2573,3,Apartment,No,116904
G-11,6,2205,4,Portion,No,121671
F-10,2,1439,2,Apartment,Yes,79687
G-11,5,1171,3,Portion,No,88801
I-11,2,1357,1,Portion,No,56282
I-10,3,952,3,Apartment,Yes,81705
F-7,6,2506,5,Portion,Yes,148327
G-13,3,1525,2,Full House,Yes,92735
F-11,2,2490,1,Full House,Yes,105498
F-6,3,1561,2,Full House,No,91412
DHA Phase 2,4,1950,4,Full House,No,102144
I-11,3,2022,3,Apartment,Yes,100163
G-6,5,1419,4,Portion,Yes,103077
I-11,2,1681,1,Apartment,Yes,73847
G-13,6,2053,4,Apartment,Yes,126906
H-13,1,1072,1,Full House,No,52168
G-10,4,2277,4,Full House,No,115266
G-11,6,842,5,Full House,No,109810
F-10,2,2575,2,Full House,Yes,120530
G-9,2,2566,2,Full House,No,98854
G-15,5,1242,4,Full House,No,105698
I-10,2,1150,1,Full House,No,66502
F-10,4,1088,4,Full House,Yes,106371
F-8,3,2411,1,Portion,Yes,110085
F-6,2,2557,1,Full House,Yes,107784
F-8,1,2055,1,Portion,Yes,82808
G-11,2,1841,1,Full House,Yes,84283
DHA Phase 2,2,2563,2,Full House,No,100954
I-11,5,1690,3,Full House,No,108774
F-10,1,2658,1,Apartment,No,82120
H-13,1,2615,1,Full House,Yes,90933
I-8,6,1611,5,Apartment,No,109030
I-10,1,949,1,Apartment,No,43279
G-9,6,2772,4,Portion,Yes,126148
Bahria Town,4,1814,3,Portion,Yes,109715
G-11,3,2505,1,Full House,No,96654
F-8,4,1296,4,Portion,No,106523
G-11,2,1221,1,Portion,No,52818
F-8,3,1321,2,Apartment,No,79154
G-10,6,966,6,Apartment,No,100725
F-8,6,965,5,Apartment,Yes,118331
I-11,6,2374,5,Apartment,Yes,130954
G-11,4,1790,3,Portion,Yes,101985
G-10,5,1811,5,Full House,No,120915
G-10,6,2355,4,Portion,Yes,129450
F-8,1,921,1,Portion,No,53417
F-7,3,1076,3,Apartment,No,78532
DHA Phase 2,4,2627,2,Portion,No,111525
G-7,2,2385,1,Apartment,No,87071
G-10,3,1931,1,Apartment,Yes,94540
G-10,4,1058,2,Apartment,Yes,77358
I-8,5,1356,3,Portion,No,93386
F-11,2,1211,2,Apartment,No,78905
I-10,4,768,2,Apartment,Yes,75869
G-8,2,1388,1,Full House,No,72607
G-13,4,1305,2,Portion,Yes,80652
F-6,6,1581,6,Apartment,Yes,137639
G-10,6,1111,4,Apartment,Yes,103790
G-11,5,2409,3,Portion,Yes,121773
I-11,5,1056,5,Full House,Yes,112276
I-11,4,1076,4,Apartment,Yes,91439
F-8,2,1837,2,Portion,No,86045
I-8,5,2603,4,Portion,No,117891
DHA Phase 2,4,2391,4,Portion,Yes,122272
Bahria Town,1,2643,1,Apartment,Yes,85837
Bahria Town,2,2071,1,Full House,Yes,94833
G-10,1,1983,1,Apartment,Yes,73775
G-6,5,863,5,Full House,Yes,95617
G-13,2,2200,2,Apartment,Yes,88872
G-11,2,2664,1,Full House,Yes,111975
G-8,4,2517,3,Portion,Yes,110506
G-9,1,1687,1,Apartment,No,64376
F-10,1,2698,1,Apartment,No,91424
F-10,3,2737,3,Apartment,No,115151
I-11,6,2147,5,Apartment,Yes,135481
G-7,3,2583,3,Apartment,No,91907
F-7,1,1032,1,Apartment,No,53585
I-10,2,778,2,Apartment,No,48152
H-13,6,2400,4,Full House,Yes,150339
F-6,5,853,5,Portion,No,101609
G-7,6,1020,5,Full House,No,104479
I-8,3,2285,3,Full House,Yes,108493
F-11,1,2676,1,Full House,Yes,107191
F-11,2,922,1,Apartment,Yes,72087
G-8,1,2777,1,Full House,No,88296
F-10,2,2769,2,Portion,No,114742
G-6,4,849,3,Apartment,Yes,75190
G-15,2,1964,2,Apartment,Yes,92183
G-6,1,1367,1,Full House,No,60672
I-8,1,2122,1,Apartment,Yes,75392
G-6,6,1151,4,Portion,No,93476
G-6,1,1905,1,Full House,No,70677
F-8,6,1032,4,Apartment,Yes,113564
G-9,6,2579,6,Apartment,Yes,143452
F-7,4,1559,4,Apartment,Yes,108397
G-7,3,1746,3,Portion,No,81689
F-6,4,1588,4,Portion,No,111468
G-9,5,2156,5,Apartment,No,120386
G-6,1,2441,1,Portion,No,72850
I-8,2,1090,1,Apartment,Yes,68477
Bahria Town,4,1316,2,Full House,Yes,97655
F-11,6,1742,6,Full House,Yes,148767
F-10,4,1712,3,Portion,No,101422
G-7,2,1538,1,Full House,No,72546
I-8,3,2119,3,Portion,No,89243
F-11,5,2214,3,Full House,No,139653
Bahria Town,2,2117,1,Apartment,Yes,86546
I-11,3,1091,1,Portion,No,59550
F-7,5,972,4,Portion,No,107550
I-10,2,2701,1,Portion,No,89435
F-11,2,2656,1,Full House,Yes,113509
G-11,4,1966,4,Full House,Yes,112004
I-8,6,1838,6,Full House,No,124993
G-15,5,2531,5,Portion,Yes,127982
G-7,4,2345,2,Full House,No,116189
G-11,6,1860,6,Apartment,Yes,125084
F-6,6,1114,5,Portion,No,114770
H-13,3,2619,1,Full House,No,111127
G-13,3,1747,2,Apartment,No,85855
G-10,6,2462,5,Full House,Yes,158072
F-8,5,944,4,Apartment,No,94185
F-8,5,2021,3,Full House,No,127494
I-8,6,859,6,Portion,Yes,101226
I-10,4,1341,3,Full House,Yes,94299
I-10,4,1539,2,Portion,No,77905
G-13,1,873,1,Full House,No,56032
G-10,1,2704,1,Apartment,Yes,82108
I-8,1,1312,1,Apartment,No,52263
I-10,1,2677,1,Full House,No,83038
I-8,4,1848,3,Full House,Yes,105688
I-10,5,1491,5,Full House,No,114270
I-11,4,1810,2,Portion,No,95271
F-8,6,1562,4,Full House,No,118337
I-10,4,2705,3,Full House,Yes,137652
Bahria Town,1,1353,1,Portion,Yes,58133
F-11,1,2579,1,Portion,Yes,90728
G-9,6,753,5,Full House,Yes,100810
G-9,1,1588,1,Apartment,Yes,59905
G-13,4,894,2,Portion,Yes,71765
G-13,1,1710,1,Portion,No,59775
G-9,2,1714,1,Portion,No,64556
G-6,6,1364,5,Apartment,No,102381
I-8,6,1050,5,Full House,Yes,123974
G-7,3,2550,3,Full House,No,101794
H-13,1,2614,1,Apartment,Yes,94806
G-9,4,1015,3,Apartment,Yes,83475
Bahria Town,4,1933,4,Portion,Yes,98854
I-10,1,2065,1,Full House,No,72765
G-6,1,1200,1,Apartment,Yes,57800
DHA Phase 2,4,2400,2,Apartment,Yes,105642
F-7,6,2777,6,Full House,No,172273
DHA Phase 2,2,2474,1,Apartment,No,88340
F-10,1,2658,1,Full House,No,98950
I-10,6,2165,4,Portion,Yes,130260
G-10,3,1544,1,Apartment,Yes,87660
H-13,3,2581,2,Apartment,Yes,105867
G-6,5,2427,4,Full House,No,116229
Bahria Town,1,2321,1,Portion,Yes,75750
I-10,5,2743,4,Portion,Yes,135826
I-11,2,1632,1,Full House,No,83265
F-6,1,959,1,Full House,No,66841
DHA Phase 2,5,2400,4,Full House,No,118329
F-8,6,1251,6,Portion,Yes,134205
H-13,4,976,3,Apartment,Yes,83502
I-8,6,1639,4,Portion,Yes,115359
Bahria Town,4,1177,4,Portion,No,83453
F-7,3,2637,2,Portion,No,119720
Bahria Town,6,1497,5,Portion,No,101745
I-10,2,1952,2,Portion,Yes,86268
F-10,3,2460,2,Portion,No,115422
G-15,3,2550,2,Portion,No,103441
H-13,2,2475,1,Portion,Yes,87838
G-9,4,1733,3,Apartment,Yes,91082
F-7,6,1617,6,Apartment,Yes,128030
H-13,6,1626,5,Full House,No,124697
G-11,4,2703,4,Full House,Yes,134293
G-6,3,1606,3,Portion,Yes,92274
G-15,4,1280,3,Apartment,Yes,88352
F-7,5,1275,5,Full House,Yes,128112
G-15,1,2711,1,Portion,Yes,97039
F-6,4,2686,4,Apartment,Yes,124938
F-7,4,2531,3,Apartment,Yes,137025
G-7,5,2093,5,Apartment,No,105783
I-11,5,1591,5,Apartment,Yes,114073
F-7,3,1784,1,Apartment,Yes,93202
G-15,5,929,4,Apartment,Yes,96802
G-9,1,1940,1,Portion,Yes,74961
G-6,3,814,2,Portion,No,59741
I-8,5,2014,4,Portion,Yes,115920
G-7,5,2333,4,Apartment,No,121872
I-11,1,999,1,Full House,Yes,66911
I-10,5,2790,5,Portion,No,126725
DHA Phase 2,3,2103,3,Apartment,Yes,106168
DHA Phase 2,1,2435,1,Portion,No,81158
F-10,1,1364,1,Apartment,No,67157
G-7,6,1870,5,Full House,Yes,132536
F-10,3,1239,3,Portion,Yes,98069
G-9,2,2271,1,Portion,Yes,93191
DHA Phase 2,5,2361,3,Portion,Yes,123875
G-10,2,2276,2,Full House,No,95155
G-11,4,1281,4,Apartment,No,77631
F-8,5,1272,3,Portion,Yes,115517
I-8,6,1576,5,Full House,No,120307
F-11,2,930,1,Full House,Yes,82836
I-8,2,2158,1,Full House,Yes,104533
H-13,4,1689,4,Portion,Yes,92889
G-8,2,2114,1,Portion,No,74831
G-9,1,2533,1,Apartment,Yes,85591
H-13,1,1314,1,Apartment,No,56820
F-7,4,804,2,Apartment,No,74093
F-8,3,899,3,Apartment,No,73096
DHA Phase 2,6,2305,6,Full House,Yes,136676
G-8,6,1098,6,Portion,Yes,120015
G-7,5,2753,4,Full House,No,132269
G-13,3,1202,2,Full House,No,82854
G-8,2,1020,2,Portion,Yes,61297
F-6,5,2572,4,Full House,Yes,157992
G-10,1,1836,1,Portion,No,61697
DHA Phase 2,2,2666,1,Full House,No,102721
F-7,5,2746,3,Portion,No,134559
F-8,4,1856,4,Full House,Yes,123582
G-15,5,2676,5,Apartment,Yes,126400
G-13,3,2586,1,Portion,No,87845
G-6,5,1898,3,Apartment,No,100457
Bahria Town,4,2636,2,Full House,No,109771
H-13,1,2299,1,Portion,No,71027
F-6,5,1030,3,Portion,No,87190
G-13,1,2066,1,Portion,No,62479
I-10,3,1017,2,Portion,No,71289
Bahria Town,6,1830,6,Portion,No,121219
G-8,6,870,5,Apartment,Yes,96299
G-11,1,1007,1,Portion,No,48079
H-13,3,2007,3,Portion,No,90437
F-10,6,1826,6,Apartment,No,128762
Bahria Town,2,1843,1,Full House,Yes,97591
Bahria Town,5,2614,5,Apartment,Yes,122297
F-10,2,2658,1,Portion,Yes,110532
Bahria Town,2,1168,1,Portion,Yes,65178
I-11,2,967,1,Full House,No,65240
F-10,3,1723,3,Apartment,Yes,98517
G-9,2,1053,2,Full House,Yes,83629
Bahria Town,4,1282,3,Portion,No,75056
G-9,6,1590,4,Apartment,No,116777
I-10,5,2759,5,Full House,Yes,138875
I-10,1,2320,1,Portion,No,73318
G-9,2,2798,1,Full House,No,90477
F-6,4,1265,2,Apartment,Yes,94420
F-11,1,1945,1,Full House,No,84491
F-6,2,2579,1,Apartment,No,100560
F-6,1,1476,1,Apartment,Yes,79572
DHA Phase 2,2,2093,1,Portion,Yes,84772
G-15,2,1291,2,Full House,Yes,88080
G-11,6,1070,6,Portion,No,111452
DHA Phase 2,4,2615,2,Portion,Yes,124136
F-8,1,2752,1,Portion,No,97741
Bahria Town,5,960,4,Apartment,No,81459
F-7,6,2456,6,Full House,Yes,168647
I-8,2,815,1,Full House,Yes,65278
I-11,2,936,1,Apartment,Yes,54964
G-7,4,1319,3,Portion,Yes,87444
G-9,5,1147,5,Portion,No,93591
G-7,4,1388,2,Full House,No,92043
H-13,3,1312,1,Apartment,Yes,73474
G-15,4,1265,4,Full House,No,85001
F-6,2,844,2,Portion,Yes,67630
G-10,1,1362,1,Full House,No,62827
G-8,3,2095,2,Portion,No,93095
G-13,5,1681,5,Apartment,Yes,121412
I-10,1,2006,1,Full House,No,70393
I-10,5,2270,4,Apartment,Yes,121435
G-10,6,2512,5,Full House,Yes,140162
G-15,1,1742,1,Apartment,Yes,69543
I-10,6,2419,4,Apartment,No,119940
F-11,4,905,2,Full House,No,96430
I-8,1,2744,1,Portion,Yes,85775
H-13,5,1076,4,Apartment,No,82182
Bahria Town,3,1380,3,Apartment,Yes,80230
G-7,4,2667,4,Apartment,No,113119
F-8,2,759,1,Full House,No,72509
Bahria Town,5,2409,4,Portion,No,111111
G-13,1,2125,1,Portion,No,73184
G-7,5,2044,3,Full House,Yes,130820
G-11,4,1750,2,Full House,Yes,101426
G-6,2,1784,2,Portion,Yes,77287
G-6,1,2061,1,Full House,No,79386
G-9,4,2488,3,Portion,Yes,104406
I-10,2,2312,2,Apartment,No,88065
G-11,5,984,5,Full House,No,102654
F-6,1,1715,1,Portion,Yes,73751
G-11,1,2120,1,Portion,No,64141
G-10,4,896,3,Full House,No,88769
F-8,1,1851,1,Apartment,Yes,89902
G-8,5,1765,4,Full House,No,112883
F-8,4,1863,3,Apartment,Yes,102775
G-6,1,1226,1,Portion,No,46675
DHA Phase 2,1,2131,1,Apartment,Yes,81772
F-6,2,1292,2,Full House,Yes,100376
F-7,4,2018,4,Portion,No,106487
F-10,2,1284,1,Portion,No,77672
G-10,1,2012,1,Apartment,Yes,75724
I-11,2,1628,2,Apartment,Yes,72282
F-8,6,1217,4,Full House,No,132649
G-6,5,1731,3,Full House,Yes,112103
G-6,1,2514,1,Full House,Yes,88823
G-15,2,2762,1,Apartment,Yes,106782
Bahria Town,6,2335,4,Full House,Yes,142967
F-6,5,1132,4,Apartment,No,105478
I-10,3,2723,1,Portion,Yes,110053
Bahria Town,4,2464,3,Apartment,Yes,114294
I-10,5,1032,3,Apartment,No,87731
DHA Phase 2,3,790,2,Full House,No,68592
I-11,6,1104,4,Portion,No,89151
F-11,5,1176,5,Apartment,No,108375
G-15,3,846,3,Portion,Yes,73987
G-15,2,2629,1,Portion,Yes,90735
G-6,3,703,3,Portion,Yes,68764
G-13,2,1611,1,Portion,No,71778
H-13,6,1890,5,Full House,Yes,132684
F-6,3,1690,1,Full House,Yes,107775
F-6,5,1419,4,Portion,No,111294
G-10,3,1790,2,Apartment,Yes,97542
G-10,3,708,1,Apartment,No,51081
G-6,4,1207,4,Apartment,No,80663
I-8,4,1937,4,Full House,No,109579
F-11,6,1460,5,Portion,No,130981
G-8,2,1229,1,Full House,Yes,73498
DHA Phase 2,3,1229,2,Portion,No,63392
G-11,4,2104,2,Portion,Yes,99340
DHA Phase 2,3,2428,1,Full House,No,105622
I-11,4,2705,2,Portion,Yes,116409
G-11,6,1902,5,Full House,Yes,131385
G-13,4,1139,2,Portion,Yes,75990
I-11,6,2485,6,Portion,Yes,128979
G-7,6,1581,4,Apartment,No,102582
F-10,2,2595,1,Apartment,No,101110
I-8,6,1755,4,Portion,No,106863
G-11,3,1803,1,Apartment,Yes,82660
I-8,1,1664,1,Apartment,No,64833
G-7,4,1366,2,Full House,No,97240
G-9,1,2653,1,Apartment,Yes,80779
G-11,6,2140,5,Apartment,No,124803
Bahria Town,5,1024,5,Full House,Yes,108376
G-6,6,2175,4,Apartment,Yes,118564
G-13,1,1533,1,Portion,Yes,62991
F-6,4,780,2,Full House,No,95426
I-10,5,1871,4,Portion,No,103491
G-10,6,2054,5,Full House,No,133783
G-6,6,1049,5,Portion,Yes,114704
I-11,1,2483,1,Full House,Yes,92223
H-13,3,922,3,Apartment,Yes,67537
I-8,5,2524,4,Portion,No,117648
F-7,1,1244,1,Apartment,Yes,70541
G-15,2,2128,2,Full House,No,88155
G-9,6,2010,6,Portion,No,118342
I-11,3,1844,3,Full House,Yes,97022
F-6,1,2016,1,Apartment,Yes,79960
I-11,2,2731,1,Apartment,Yes,93435
H-13,6,997,4,Portion,No,88819
F-7,1,860,1,Portion,No,52371
F-10,4,2209,4,Full House,No,130756
I-11,6,2723,4,Apartment,Yes,127020
F-8,3,2454,3,Portion,Yes,123689
G-8,2,837,1,Apartment,Yes,56620
I-10,4,2798,2,Portion,No,110022
G-11,3,1860,3,Portion,Yes,86357
G-15,1,1057,1,Portion,No,50539
F-11,1,1760,1,Full House,No,89424
H-13,5,2243,4,Full House,Yes,119031
DHA Phase 2,5,2016,4,Full House,No,115136
H-13,6,2695,6,Portion,Yes,156163
DHA Phase 2,5,1682,4,Apartment,No,94049
G-9,1,1543,1,Portion,No,57542
Bahria Town,3,2404,3,Full House,No,99166
G-8,2,2129,1,Full House,No,79722
Bahria Town,5,2085,5,Portion,No,118748
G-8,4,2515,3,Apartment,Yes,112713
I-11,4,1625,3,Portion,Yes,100352
G-8,5,2598,5,Full House,No,129929
I-10,4,978,2,Full House,Yes,97109
G-15,5,1341,3,Full House,No,101322
F-10,2,2176,1,Apartment,No,97699
F-11,4,2148,3,Full House,No,124415
G-6,5,2213,3,Apartment,No,107804
G-15,3,1301,3,Apartment,No,77513
G-8,4,2437,4,Full House,No,119915
G-15,3,1491,1,Apartment,No,65776
G-9,5,1667,5,Portion,No,111703
Bahria Town,5,1367,5,Portion,Yes,113973
I-11,2,1050,1,Apartment,No,50174
G-15,4,2221,4,Portion,No,108248
Bahria Town,3,1843,1,Full House,Yes,96336
I-11,1,968,1,Full House,Yes,66206
I-10,5,1514,3,Full House,No,101055
F-10,5,2182,3,Apartment,No,129971
G-9,1,2653,1,Portion,Yes,91983
F-10,3,2763,3,Apartment,No,111403
I-11,1,1899,1,Apartment,No,59934
F-7,6,1653,4,Full House,No,127966
F-11,4,731,3,Portion,Yes,97616
F-10,4,1166,4,Full House,No,112344
F-6,4,2660,4,Apartment,No,126429
DHA Phase 2,6,2526,6,Portion,No,144318
F-6,4,1897,4,Apartment,No,112186
F-7,1,1260,1,Portion,No,63775
G-8,1,1847,1,Full House,No,73340
G-11,3,2302,1,Full House,No,105264
DHA Phase 2,2,865,1,Apartment,No,48653
G-7,4,761,2,Portion,Yes,83495
Bahria Town,4,998,2,Apartment,Yes,75200
G-11,4,955,4,Apartment,No,74619
F-11,3,1721,1,Portion,No,82889
G-9,2,1284,1,Full House,No,68326
I-11,2,2148,1,Apartment,No,82796
F-8,5,2215,3,Full House,No,141741
Bahria Town,4,1694,2,Full House,No,90983
G-6,1,737,1,Apartment,No,42404
I-8,1,2106,1,Portion,No,66430
F-7,5,2600,5,Apartment,Yes,146932
G-6,2,2104,2,Full House,Yes,96666
G-11,6,1754,5,Portion,Yes,116730
G-10,5,2584,3,Full House,No,126876
G-11,4,1184,4,Portion,Yes,95749
G-11,2,2613,1,Full House,Yes,101559
G-6,6,2120,5,Apartment,Yes,118035
I-8,1,1283,1,Portion,No,52876
G-9,1,2796,1,Portion,No,75423
I-11,3,2183,1,Portion,No,92360
I-10,6,1040,4,Apartment,No,102139
H-13,3,2484,3,Portion,Yes,97801
I-10,1,1474,1,Apartment,Yes,57577
F-6,1,2330,1,Portion,No,79562
G-9,3,2083,3,Portion,Yes,91346
F-11,4,2285,3,Apartment,No,105502
I-10,2,1276,1,Full House,Yes,70202
DHA Phase 2,5,1990,3,Full House,No,110422
G-8,5,885,3,Full House,No,89076
I-8,3,2712,1,Apartment,No,86917
DHA Phase 2,4,1583,4,Full House,Yes,109002
I-11,4,1542,4,Portion,No,93659
DHA Phase 2,4,1111,3,Portion,No,81391
F-10,2,1012,1,Apartment,No,68766
F-8,5,1928,4,Portion,No,114318
G-10,5,2001,5,Full House,Yes,116880
G-10,5,1766,5,Full House,No,126444
G-6,3,1471,3,Portion,No,75463
G-15,1,2132,1,Full House,Yes,86390
G-13,6,1511,5,Apartment,Yes,109655
G-7,3,1225,3,Apartment,Yes,81489
H-13,4,809,2,Full House,Yes,79825
G-10,3,1587,2,Portion,No,84216
G-7,2,1560,1,Portion,Yes,68436
G-9,6,1096,6,Full House,Yes,130897
F-6,5,1371,3,Portion,Yes,108151
G-7,3,1821,3,Full House,No,92914
G-10,3,2036,3,Portion,No,86227
DHA Phase 2,4,1659,3,Portion,No,85701
G-15,4,2238,2,Full House,Yes,124459
H-13,5,2553,3,Apartment,No,123777
G-10,4,1508,3,Full House,Yes,107779
I-11,3,2479,1,Full House,No,109631
G-6,4,1163,2,Portion,No,73115
I-11,5,1844,4,Portion,Yes,116031
F-8,6,2205,6,Portion,Yes,144628
F-6,6,1952,5,Apartment,No,139596
F-7,2,744,1,Full House,No,72239
G-7,3,1349,2,Full House,No,75052
F-6,1,1245,1,Apartment,Yes,64601
G-13,6,1452,4,Apartment,Yes,120827
F-7,2,2213,1,Apartment,No,93078
G-15,4,1360,3,Full House,No,92442
G-8,4,1944,3,Full House,No,100141
I-10,6,1187,6,Full House,No,117151
G-8,4,1581,3,Apartment,Yes,100607
Bahria Town,4,1645,3,Full House,No,92104
Bahria Town,3,2612,3,Portion,No,104435
F-11,6,794,4,Portion,Yes,103985
F-7,6,1403,5,Full House,Yes,128432
F-7,3,1661,3,Portion,Yes,96638
G-6,2,2585,1,Portion,Yes,93966
F-8,5,2012,5,Full House,Yes,145310
F-11,2,1813,2,Apartment,Yes,95131
F-11,1,935,1,Apartment,Yes,68400
I-8,6,1982,5,Full House,No,136468
G-9,6,2508,5,Apartment,Yes,123889
H-13,6,2342,5,Portion,No,116464
G-15,6,2097,5,Portion,Yes,120788
I-8,6,2204,5,Apartment,No,122510
G-7,3,1620,3,Portion,No,72482
G-13,1,1661,1,Full House,No,67946
Bahria Town,5,1862,5,Apartment,No,106893
G-10,3,1168,2,Apartment,No,74110
G-15,4,1935,4,Portion,Yes,115838
G-15,5,2066,3,Portion,No,99271
I-11,6,1488,4,Portion,Yes,109558
I-8,6,2090,6,Apartment,Yes,123380
F-6,6,2108,6,Full House,No,155628
H-13,3,2781,1,Portion,No,97755
I-10,4,2160,3,Portion,No,99148
G-9,3,2363,2,Apartment,No,92102
G-9,2,1341,1,Full House,Yes,73406
G-7,6,2142,6,Full House,Yes,143760
H-13,3,2241,1,Full House,No,94097
F-7,6,2650,6,Portion,No,145176
F-6,1,1591,1,Portion,Yes,83841
H-13,6,854,4,Full House,Yes,116930
F-11,4,1980,4,Apartment,No,118493
Bahria Town,1,2187,1,Portion,No,69243
F-10,4,2666,4,Portion,No,127127
G-10,6,2263,4,Full House,No,140419
G-7,3,859,1,Full House,No,73201
DHA Phase 2,2,2020,2,Portion,No,72905
F-7,3,1468,3,Portion,No,89352
I-11,5,1874,3,Portion,No,92330
H-13,4,1945,2,Apartment,No,97635
I-8,5,1887,4,Full House,No,121884
G-6,2,1069,1,Portion,Yes,58717
F-11,3,2715,3,Apartment,Yes,120780
G-15,4,2461,4,Apartment,Yes,121501
G-6,2,1508,1,Full House,No,70301
I-10,3,2298,3,Portion,No,91966
G-6,4,1539,3,Portion,No,90075
G-8,3,2018,3,Portion,No,82287
DHA Phase 2,5,2234,4,Portion,No,110333
G-8,6,2028,5,Portion,No,111375
H-13,6,815,5,Portion,No,88384
G-11,3,2022,3,Full House,Yes,109485
G-11,2,2001,2,Apartment,Yes,92639
G-8,2,1328,1,Full House,Yes,74766
F-11,1,1327,1,Full House,No,78012
G-9,3,781,1,Apartment,Yes,65753
I-10,4,1404,3,Portion,Yes,95117
F-11,2,852,1,Portion,Yes,68203
G-6,2,2176,1,Full House,Yes,89973
G-10,3,1048,1,Apartment,No,57333
Bahria Town,3,1006,1,Apartment,No,56450
G-9,5,2043,5,Apartment,No,102795
H-13,5,1883,4,Full House,Yes,112745
G-7,1,1239,1,Full House,No,59167
F-6,5,2147,5,Portion,Yes,132068
G-11,4,2800,3,Apartment,No,120773
F-6,5,1534,4,Portion,Yes,112686
I-8,1,1381,1,Full House,No,61349
F-10,1,1394,1,Apartment,No,63377
F-8,4,1104,4,Apartment,No,95581
G-15,6,2238,4,Full House,Yes,128037
G-10,6,2515,5,Full House,Yes,142344
G-8,5,1625,4,Portion,No,92727
F-10,6,1192,4,Full House,No,123793
DHA Phase 2,1,1649,1,Full House,No,72102
I-11,1,1276,1,Full House,No,66492
G-9,5,1658,5,Apartment,No,99153
F-8,5,2697,3,Apartment,No,134817
G-13,6,1893,4,Full House,No,123139
G-9,2,2300,1,Apartment,No,82922
G-7,6,924,5,Full House,No,103280
Bahria Town,5,2530,4,Apartment,Yes,113601
G-10,3,1324,3,Portion,No,71276
G-6,1,2554,1,Full House,No,79796
G-10,1,1612,1,Full House,No,61751
Bahria Town,3,1519,3,Portion,Yes,82252
G-10,4,2439,2,Apartment,No,105825
F-10,3,2576,1,Portion,Yes,108044
I-10,2,2755,1,Apartment,Yes,90448
G-13,4,1591,2,Apartment,Yes,97729
F-7,3,2033,3,Apartment,No,91811
Bahria Town,4,1403,2,Apartment,No,82000
G-7,2,1781,1,Apartment,Yes,84485
G-13,4,2207,2,Full House,Yes,115325
G-10,4,2673,4,Apartment,No,113176
G-10,2,1292,1,Portion,No,57808
DHA Phase 2,6,1402,5,Apartment,Yes,112320
F-11,1,941,1,Full House,No,63262
G-6,3,1168,3,Portion,No,73143
DHA Phase 2,4,1861,3,Apartment,Yes,93152
I-10,4,2589,3,Portion,No,100277
F-6,3,1414,3,Apartment,Yes,91040
F-11,2,742,1,Full House,Yes,72881
F-10,6,2487,5,Portion,Yes,153719
G-15,1,1781,1,Full House,No,69095
G-9,4,1495,3,Apartment,Yes,92756
G-7,1,946,1,Portion,No,45477
F-10,1,2255,1,Portion,Yes,94413
G-10,5,780,5,Apartment,No,78423
H-13,6,2150,6,Full House,Yes,137485
Bahria Town,4,1575,4,Full House,No,92280
G-9,2,1277,2,Full House,No,78119
F-7,1,1645,1,Portion,No,67511
G-8,3,2537,1,Full House,Yes,113030
G-7,6,2700,4,Full House,Yes,136296
G-9,2,2126,1,Full House,No,93647
G-7,5,1090,3,Portion,No,79731
F-10,1,1960,1,Full House,No,79261
G-10,1,1609,1,Apartment,Yes,64321
I-11,3,2409,1,Portion,Yes,90020
I-11,5,2570,3,Apartment,Yes,119621
G-10,1,1393,1,Full House,Yes,66873
G-15,6,1808,6,Full House,Yes,145465
DHA Phase 2,6,2727,6,Apartment,Yes,152747
F-10,1,2430,1,Apartment,No,83554
G-11,5,821,3,Portion,Yes,92679
Bahria Town,5,860,3,Portion,Yes,84186
G-10,2,2134,1,Apartment,Yes,83072
Bahria Town,6,1329,6,Full House,Yes,126573
F-6,3,1132,2,Apartment,No,81509
F-7,3,2075,1,Portion,No,101228
I-11,3,2541,3,Apartment,No,92547
G-13,2,1747,1,Full House,No,78444
G-13,2,1137,1,Portion,No,58946
F-8,2,1450,2,Portion,Yes,86677
G-15,2,2134,1,Portion,Yes,89639
G-6,1,2456,1,Full House,Yes,100129
G-10,1,1495,1,Portion,Yes,65826
G-15,2,2112,2,Apartment,Yes,87998
Bahria Town,3,2394,2,Apartment,Yes,93197
G-6,3,824,2,Apartment,Yes,65326
F-7,6,1226,6,Apartment,No,109347
G-11,3,2055,1,Full House,Yes,93766
H-13,5,940,5,Portion,Yes,105025
G-8,5,2044,4,Portion,Yes,112523
G-9,2,1668,1,Apartment,No,62521
G-15,1,1463,1,Apartment,No,52810
DHA Phase 2,1,1556,1,Portion,Yes,69970
G-7,6,2358,6,Apartment,Yes,131698
F-8,6,2686,4,Portion,No,141306
G-11,5,2530,4,Full House,No,135319
G-9,3,1143,3,Portion,No,67376
I-11,5,2635,3,Portion,Yes,136028
I-11,1,843,1,Portion,No,45014
F-7,6,1890,5,Apartment,Yes,138086
Bahria Town,4,1462,4,Apartment,Yes,95464
F-7,2,1948,2,Apartment,Yes,103899
DHA Phase 2,5,1441,4,Full House,Yes,122184
G-7,3,2491,1,Apartment,No,96915
G-7,2,2504,1,Portion,Yes,88636
G-15,2,1428,2,Portion,Yes,74116
DHA Phase 2,5,1084,4,Full House,No,106601
I-11,3,2355,3,Apartment,No,92006
G-11,3,1453,1,Portion,Yes,71990
DHA Phase 2,2,1347,2,Full House,Yes,85033
F-11,3,1236,3,Portion,No,89456
F-10,2,1312,1,Full House,No,83351
H-13,2,2491,1,Full House,Yes,99725
F-10,4,1107,4,Full House,Yes,113107
G-11,1,2424,1,Full House,Yes,96143
F-7,6,2201,6,Full House,No,159011
I-11,6,1010,6,Portion,No,109760
G-9,2,819,2,Apartment,Yes,65488
H-13,1,1230,1,Apartment,Yes,55760
G-6,4,1867,3,Full House,Yes,117751
F-6,3,1730,2,Full House,No,101749
I-10,3,1910,1,Apartment,No,80673
G-9,3,1462,3,Full House,Yes,96735
G-6,3,1037,3,Full House,Yes,92056
I-10,2,2324,1,Portion,No,88107
I-10,5,1670,4,Apartment,No,107879
I-8,5,1722,4,Apartment,Yes,117085
I-10,5,839,4,Portion,Yes,96911
G-9,2,1369,1,Full House,Yes,80916
G-15,6,1453,6,Apartment,No,103217
G-13,6,2645,6,Apartment,No,129866
F-7,1,1422,1,Apartment,Yes,80626
G-10,5,944,5,Apartment,No,90745
G-13,3,1269,2,Apartment,No,77139
Bahria Town,2,763,1,Full House,No,55710
I-8,6,2380,5,Portion,No,113120
G-8,5,1052,5,Apartment,Yes,100090
H-13,6,1081,5,Apartment,Yes,110634
Bahria Town,1,1477,1,Apartment,Yes,67339
F-7,4,1618,3,Apartment,No,109955
F-7,5,1030,3,Portion,No,91363
G-10,5,1663,3,Portion,No,100194
F-8,5,2630,5,Full House,No,147337
I-11,2,2046,1,Full House,Yes,101792
I-8,5,2374,3,Apartment,Yes,125368
F-7,5,2500,3,Portion,Yes,139476
F-6,1,2019,1,Full House,Yes,101837
G-8,1,2307,1,Apartment,Yes,75578
G-11,1,1941,1,Full House,No,74163
G-15,6,922,4,Portion,No,99374
G-7,3,2512,3,Apartment,Yes,98285
G-15,3,1128,3,Full House,No,76375
G-10,4,1162,2,Apartment,No,69652
Bahria Town,4,1095,3,Full House,No,81258
F-8,2,1053,1,Full House,Yes,78378
F-6,5,1924,4,Apartment,Yes,117735
I-8,6,1858,5,Apartment,Yes,128854
F-6,1,2068,1,Full House,Yes,95408
G-9,1,2674,1,Portion,Yes,88441
G-13,3,2795,2,Portion,No,96950
G-7,3,2083,2,Portion,No,91348
I-11,6,1917,6,Apartment,Yes,131439
F-11,5,1401,3,Portion,No,104143
I-11,6,2712,4,Apartment,No,132714
Bahria Town,3,1533,2,Full House,No,79896
G-10,4,2563,2,Portion,No,113713
H-13,4,2201,4,Portion,No,112465
G-6,4,2800,4,Portion,No,125127
F-11,2,2136,1,Full House,No,102259
G-15,1,1620,1,Full House,No,62153
F-7,2,1559,1,Full House,Yes,87892
G-8,3,1225,2,Portion,No,66466
F-7,4,881,3,Portion,Yes,84720
F-8,1,1772,1,Portion,Yes,83143
I-11,1,2281,1,Apartment,No,73186
I-8,5,1858,5,Portion,No,101987
F-6,6,2449,6,Full House,No,162906
F-6,3,1519,2,Full House,Yes,95811
G-15,4,1121,2,Full House,Yes,95810
G-11,3,1452,1,Portion,No,73988
F-8,6,2479,5,Full House,Yes,142677
G-13,2,1593,2,Apartment,No,67263
F-6,1,1715,1,Apartment,No,70819
DHA Phase 2,4,1306,3,Apartment,Yes,83096
G-8,4,1660,2,Full House,Yes,102266
G-11,5,744,5,Portion,Yes,84214
H-13,4,930,2,Full House,Yes,85579
G-13,6,1649,5,Portion,No,108938
I-11,5,2408,3,Apartment,No,104581
G-6,4,2154,2,Apartment,Yes,105204
G-7,2,2333,2,Apartment,Yes,98612
G-13,5,882,4,Full House,No,89663
G-10,1,1981,1,Full House,Yes,87958
G-6,6,2705,6,Portion,Yes,147121
F-11,5,1918,3,Apartment,No,112602
G-7,6,1403,6,Portion,No,105867
H-13,3,1617,2,Portion,Yes,85452
F-6,6,1151,4,Full House,Yes,119525
G-6,4,1476,2,Full House,No,94514
G-10,6,2423,6,Apartment,No,127479
F-10,1,2126,1,Portion,No,81224
DHA Phase 2,5,2321,5,Apartment,No,119485
G-13,3,1169,3,Full House,No,78867
H-13,1,1744,1,Portion,No,64056
F-11,1,1807,1,Portion,Yes,80549
